EarthquakeNo,AreaDesc,CountyName,StationName,StationID,SeismicIntensity,EpicenterDistance,EWComponent_pga,NSComponent_pga,VComponent_pga,EWComponent_pgv,NSComponent_pgv,VComponent_pgv,WaveImageURI
115019,南投縣地區,南投縣,合歡山,WHF,2級,25.99,7.46,5.33,3.09,0.23,0.15,0.09,https://scweb.cwa.gov.tw/webdata/drawTrace/outcome/2026/2026019/2-WHF.gif
115019,南投縣地區,南投縣,奧萬大,OWD,1級,36.74,2.5,3.24,1.55,0.05,0.05,0.03,https://scweb.cwa.gov.tw/webdata/drawTrace/outcome/2026/2026019/1-OWD.gif
115019,臺中市地區,臺中市,梨山,FUSS,1級,33.94,2.08,2.42,0.79,0.08,0.1,0.04,https://scweb.cwa.gov.tw/webdata/drawTrace/outcome/2026/2026019/1-FUSS.gif
115019,臺中市地區,臺中市,德基,TWT,1級,41.09,0.99,2.2,0.69,0.05,0.09,0.04,https://scweb.cwa.gov.tw/webdata/drawTrace/outcome/2026/2026019/1-TWT.gif
115019,花蓮縣地區,花蓮縣,花蓮市,HWA,4級,14.47,19.57,30.59,10.07,0.76,1.02,0.23,https://scweb.cwa.gov.tw/webdata/drawTrace/outcome/2026/2026019/4-HWA.gif
115019,花蓮縣地區,花蓮縣,秀林,TWD,3級,9.22,13.86,8.84,6.92,0.25,0.21,0.12,https://scweb.cwa.gov.tw/webdata/drawTrace/outcome/2026/2026019/3-TWD.gif
115019,花蓮縣地區,花蓮縣,太魯閣,ETL,3級,14.84,24.74,22.08,11.79,0.29,0.36,0.11,https://scweb.cwa.gov.tw/webdata/drawTrace/outcome/2026/2026019/3-ETL.gif
115019,花蓮縣地區,花蓮縣,西寶,ETLH,3級,15.67,13.06,10.95,11.35,0.35,0.39,0.31,https://scweb.cwa.gov.tw/webdata/drawTrace/outcome/2026/2026019/3-ETLH.gif
115019,花蓮縣地區,花蓮縣,鹽寮,EYL,2級,20.36,3.44,2.97,2.48,0.13,0.12,0.06,https://scweb.cwa.gov.tw/webdata/drawTrace/outcome/2026/2026019/2-EYL.gif
115019,花蓮縣地區,花蓮縣,西林,ESL,2級,29.46,8.87,8.07,2.88,0.09,0.12,0.05,https://scweb.cwa.gov.tw/webdata/drawTrace/outcome/2026/2026019/2-ESL.gif
115019,花蓮縣地區,花蓮縣,和平,EHP,2級,35.75,2.93,3.4,2.42,0.09,0.08,0.06,https://scweb.cwa.gov.tw/webdata/drawTrace/outcome/2026/2026019/2-EHP.gif
115019,花蓮縣地區,花蓮縣,銅門,ETM,2級,11.64,,,,,,,
115019,花蓮縣地區,花蓮縣,水璉,SHUL,1級,31.59,1.56,1.62,1.0,0.06,0.07,0.03,https://scweb.cwa.gov.tw/webdata/drawTrace/outcome/2026/2026019/1-SHUL.gif
115019,宜蘭縣地區,宜蘭縣,南山,NNS,2級,43.09,2.89,5.39,1.45,0.1,0.17,0.05,https://scweb.cwa.gov.tw/webdata/drawTrace/outcome/2026/2026019/2-NNS.gif
115019,宜蘭縣地區,宜蘭縣,南澳,ENA,1級,46.21,5.95,6.15,1.32,0.06,0.07,0.02,https://scweb.cwa.gov.tw/webdata/drawTrace/outcome/2026/2026019/1-ENA.gif
115019,宜蘭縣地區,宜蘭縣,冬山,NDS,1級,65.98,0.68,0.81,0.42,0.03,0.04,0.02,https://scweb.cwa.gov.tw/webdata/drawTrace/outcome/2026/2026019/1-NDS.gif
115018,南投縣地區,南投縣,玉山,YUS,1級,58.03,0.98,0.82,0.26,0.06,0.05,0.01,https://scweb.cwa.gov.tw/webdata/drawTrace/outcome/2026/2026018/1-YUS.gif
115018,高雄市地區,高雄市,甲仙,SGS,2級,19.1,7.36,4.97,2.12,0.23,0.17,0.08,https://scweb.cwa.gov.tw/webdata/drawTrace/outcome/2026/2026018/2-SGS.gif
115018,高雄市地區,高雄市,桃源,STYH,2級,31.61,2.0,2.78,1.56,0.08,0.11,0.05,https://scweb.cwa.gov.tw/webdata/drawTrace/outcome/2026/2026018/2-STYH.gif
115018,高雄市地區,高雄市,旗山,SCS,2級,36.62,5.61,6.52,4.66,0.25,0.38,0.17,https://scweb.cwa.gov.tw/webdata/drawTrace/outcome/2026/2026018/2-SCS.gif
115018,高雄市地區,高雄市,六龜,SLG,1級,30.25,1.81,1.86,0.97,0.11,0.1,0.07,https://scweb.cwa.gov.tw/webdata/drawTrace/outcome/2026/2026018/1-SLG.gif
115018,高雄市地區,高雄市,路竹,D009,1級,44.18,1.52,1.92,0.63,0.12,0.1,0.04,https://scweb.cwa.gov.tw/webdata/drawTrace/outcome/2026/2026018/1-D009.gif
115018,高雄市地區,高雄市,壽山,WSS,1級,67.26,1.11,0.56,0.36,0.05,0.02,0.02,https://scweb.cwa.gov.tw/webdata/drawTrace/outcome/2026/2026018/1-WSS.gif
115018,高雄市地區,高雄市,大寮,D090,1級,69.67,0.87,1.03,0.7,0.05,0.05,0.03,https://scweb.cwa.gov.tw/webdata/drawTrace/outcome/2026/2026018/1-D090.gif
115018,高雄市地區,高雄市,高雄市,D106,1級,67.76,1.17,1.14,0.9,0.05,0.04,0.02,https://scweb.cwa.gov.tw/webdata/drawTrace/outcome/2026/2026018/1-D106.gif
115018,臺南市地區,臺南市,曾文,SNS,4級,2.37,24.49,26.69,10.86,0.98,0.56,0.45,https://scweb.cwa.gov.tw/webdata/drawTrace/outcome/2026/2026018/4-SNS.gif
115018,臺南市地區,臺南市,楠西,CHN1,3級,6.46,10.44,9.99,5.59,0.32,0.28,0.18,https://scweb.cwa.gov.tw/webdata/drawTrace/outcome/2026/2026018/3-CHN1.gif
115018,臺南市地區,臺南市,善化,SSH,3級,21.01,12.58,9.61,7.79,0.46,0.43,0.18,https://scweb.cwa.gov.tw/webdata/drawTrace/outcome/2026/2026018/3-SSH.gif
115018,臺南市地區,臺南市,新化,SHH,3級,25.12,10.15,8.01,4.4,0.56,0.31,0.19,https://scweb.cwa.gov.tw/webdata/drawTrace/outcome/2026/2026018/3-SHH.gif
115018,臺南市地區,臺南市,白河,C015,2級,16.45,6.87,5.57,5.59,0.2,0.16,0.13,https://scweb.cwa.gov.tw/webdata/drawTrace/outcome/2026/2026018/2-C015.gif
115018,臺南市地區,臺南市,佳里,SCL,2級,28.3,5.87,7.42,3.8,0.21,0.25,0.1,https://scweb.cwa.gov.tw/webdata/drawTrace/outcome/2026/2026018/2-SCL.gif
115018,臺南市地區,臺南市,永康,TAI1,2級,31.32,4.46,3.64,2.16,0.22,0.18,0.07,https://scweb.cwa.gov.tw/webdata/drawTrace/outcome/2026/2026018/2-TAI1.gif
115018,臺南市地區,臺南市,臺南市,TAI,2級,37.03,1.66,2.48,1.85,0.08,0.1,0.06,https://scweb.cwa.gov.tw/webdata/drawTrace/outcome/2026/2026018/2-TAI.gif
115018,雲林縣地區,雲林縣,水林,WSL,1級,42.43,1.11,1.08,0.7,0.05,0.05,0.02,https://scweb.cwa.gov.tw/webdata/drawTrace/outcome/2026/2026018/1-WSL.gif
115018,雲林縣地區,雲林縣,草嶺,CHN5,1級,47.15,0.77,0.76,0.31,0.05,0.04,0.02,https://scweb.cwa.gov.tw/webdata/drawTrace/outcome/2026/2026018/1-CHN5.gif
115018,雲林縣地區,雲林縣,四湖,WSF,1級,53.0,1.31,1.12,0.71,0.04,0.03,0.02,https://scweb.cwa.gov.tw/webdata/drawTrace/outcome/2026/2026018/1-WSF.gif
115018,雲林縣地區,雲林縣,土庫,WTK,1級,53.15,0.85,0.75,0.92,0.06,0.07,0.02,https://scweb.cwa.gov.tw/webdata/drawTrace/outcome/2026/2026018/1-WTK.gif
115018,雲林縣地區,雲林縣,斗六市,WDL,1級,55.82,0.87,0.73,0.5,0.03,0.05,0.02,https://scweb.cwa.gov.tw/webdata/drawTrace/outcome/2026/2026018/1-WDL.gif
115018,花蓮縣地區,花蓮縣,富里,FULB,1級,83.87,1.23,1.28,0.32,0.06,0.07,0.02,https://scweb.cwa.gov.tw/webdata/drawTrace/outcome/2026/2026018/1-FULB.gif
115018,臺東縣地區,臺東縣,利稻,ELD,1級,56.42,0.92,0.89,0.61,0.04,0.04,0.03,https://scweb.cwa.gov.tw/webdata/drawTrace/outcome/2026/2026018/1-ELD.gif
115018,臺東縣地區,臺東縣,海端,EHD,1級,75.24,1.16,1.4,0.72,0.07,0.07,0.03,https://scweb.cwa.gov.tw/webdata/drawTrace/outcome/2026/2026018/1-EHD.gif
115018,臺東縣地區,臺東縣,卑南,TWG,1級,76.13,0.86,0.63,0.35,0.06,0.05,0.02,https://scweb.cwa.gov.tw/webdata/drawTrace/outcome/2026/2026018/1-TWG.gif
115018,臺東縣地區,臺東縣,池上,ECS,1級,77.38,0.89,0.74,0.54,0.05,0.04,0.03,https://scweb.cwa.gov.tw/webdata/drawTrace/outcome/2026/2026018/1-ECS.gif
115018,彰化縣地區,彰化縣,二林,WRL,1級,76.9,1.32,0.85,0.73,0.06,0.03,0.02,https://scweb.cwa.gov.tw/webdata/drawTrace/outcome/2026/2026018/1-WRL.gif
115018,彰化縣地區,彰化縣,鹿港,B112,1級,93.31,0.73,0.64,0.4,0.04,0.02,0.01,https://scweb.cwa.gov.tw/webdata/drawTrace/outcome/2026/2026018/1-B112.gif
115018,彰化縣地區,彰化縣,彰化市,WCHH,1級,96.26,1.53,1.21,0.57,0.03,0.03,0.01,https://scweb.cwa.gov.tw/webdata/drawTrace/outcome/2026/2026018/1-WCHH.gif
115018,嘉義縣地區,嘉義縣,大埔,WTP,2級,15.44,8.74,7.38,2.94,0.26,0.17,0.1,https://scweb.cwa.gov.tw/webdata/drawTrace/outcome/2026/2026018/2-WTP.gif
115018,嘉義縣地區,嘉義縣,番路,WCKO,2級,28.12,4.83,3.9,1.79,0.23,0.15,0.06,https://scweb.cwa.gov.tw/webdata/drawTrace/outcome/2026/2026018/2-WCKO.gif
115018,嘉義縣地區,嘉義縣,義竹,CHN8,2級,29.65,4.27,3.13,3.49,0.09,0.11,0.05,https://scweb.cwa.gov.tw/webdata/drawTrace/outcome/2026/2026018/2-CHN8.gif
115018,嘉義縣地區,嘉義縣,太保市,CHY1,2級,32.58,3.39,3.82,1.66,0.12,0.16,0.03,https://scweb.cwa.gov.tw/webdata/drawTrace/outcome/2026/2026018/2-CHY1.gif
115018,嘉義縣地區,嘉義縣,民雄,CHN2,1級,35.14,1.81,1.96,1.8,0.07,0.06,0.03,https://scweb.cwa.gov.tw/webdata/drawTrace/outcome/2026/2026018/1-CHN2.gif
115018,嘉義縣地區,嘉義縣,阿里山,ALS,1級,47.51,0.75,0.95,0.43,0.04,0.04,0.02,https://scweb.cwa.gov.tw/webdata/drawTrace/outcome/2026/2026018/1-ALS.gif
115018,屏東縣地區,屏東縣,三地門,SSD,1級,54.92,0.78,1.24,0.79,0.04,0.05,0.04,https://scweb.cwa.gov.tw/webdata/drawTrace/outcome/2026/2026018/1-SSD.gif
115018,嘉義市地區,嘉義市,嘉義市,CHY,1級,31.48,1.64,1.43,0.78,0.12,0.07,0.02,https://scweb.cwa.gov.tw/webdata/drawTrace/outcome/2026/2026018/1-CHY.gif
115017,南投縣地區,南投縣,玉山,YUS,2級,55.95,5.32,4.28,1.73,0.35,0.19,0.06,https://scweb.cwa.gov.tw/webdata/drawTrace/outcome/2026/2026017/2-YUS.gif
115017,南投縣地區,南投縣,信義鄉,WHY,2級,64.24,2.56,3.07,1.51,0.12,0.11,0.06,https://scweb.cwa.gov.tw/webdata/drawTrace/outcome/2026/2026017/2-WHY.gif
115017,南投縣地區,南投縣,竹山,WJS,1級,70.87,1.51,1.37,0.69,0.07,0.07,0.05,https://scweb.cwa.gov.tw/webdata/drawTrace/outcome/2026/2026017/1-WJS.gif
115017,南投縣地區,南投縣,南投市,WNT1,1級,78.53,1.18,1.6,1.23,0.06,0.08,0.04,https://scweb.cwa.gov.tw/webdata/drawTrace/outcome/2026/2026017/1-WNT1.gif
115017,南投縣地區,南投縣,日月潭,SML,1級,84.61,1.55,1.28,0.83,0.11,0.11,0.04,https://scweb.cwa.gov.tw/webdata/drawTrace/outcome/2026/2026017/1-SML.gif
115017,南投縣地區,南投縣,魚池,TYC,1級,85.07,1.5,0.92,0.62,0.11,0.05,0.05,https://scweb.cwa.gov.tw/webdata/drawTrace/outcome/2026/2026017/1-TYC.gif
115017,南投縣地區,南投縣,國姓,WCS,1級,102.08,1.24,2.15,0.71,0.08,0.1,0.04,https://scweb.cwa.gov.tw/webdata/drawTrace/outcome/2026/2026017/1-WCS.gif
115017,南投縣地區,南投縣,奧萬大,OWD,1級,107.08,0.87,0.95,0.81,0.03,0.05,0.03,https://scweb.cwa.gov.tw/webdata/drawTrace/outcome/2026/2026017/1-OWD.gif
115017,南投縣地區,南投縣,合歡山,WHF,1級,129.53,0.94,0.67,0.33,0.06,0.04,0.02,https://scweb.cwa.gov.tw/webdata/drawTrace/outcome/2026/2026017/1-WHF.gif
115017,高雄市地區,高雄市,甲仙,SGS,3級,18.31,13.89,12.89,6.0,0.42,0.36,0.18,https://scweb.cwa.gov.tw/webdata/drawTrace/outcome/2026/2026017/3-SGS.gif
115017,高雄市地區,高雄市,六龜,SLG,2級,29.52,2.86,3.47,3.43,0.14,0.15,0.06,https://scweb.cwa.gov.tw/webdata/drawTrace/outcome/2026/2026017/2-SLG.gif
115017,高雄市地區,高雄市,桃源,STYH,2級,29.59,6.6,7.09,3.87,0.13,0.16,0.11,https://scweb.cwa.gov.tw/webdata/drawTrace/outcome/2026/2026017/2-STYH.gif
115017,高雄市地區,高雄市,旗山,SCS,2級,37.11,4.71,4.72,2.32,0.2,0.27,0.11,https://scweb.cwa.gov.tw/webdata/drawTrace/outcome/2026/2026017/2-SCS.gif
115017,高雄市地區,高雄市,路竹,D009,1級,45.71,2.19,2.11,1.34,0.19,0.15,0.05,https://scweb.cwa.gov.tw/webdata/drawTrace/outcome/2026/2026017/1-D009.gif
115017,高雄市地區,高雄市,壽山,WSS,1級,68.48,0.94,0.52,0.55,0.06,0.04,0.02,https://scweb.cwa.gov.tw/webdata/drawTrace/outcome/2026/2026017/1-WSS.gif
115017,高雄市地區,高雄市,大寮,D090,1級,70.42,0.77,0.6,0.54,0.09,0.08,0.02,https://scweb.cwa.gov.tw/webdata/drawTrace/outcome/2026/2026017/1-D090.gif
115017,高雄市地區,高雄市,高雄市,D106,1級,68.83,1.54,1.71,0.94,0.05,0.07,0.05,https://scweb.cwa.gov.tw/webdata/drawTrace/outcome/2026/2026017/1-D106.gif
115017,臺南市地區,臺南市,曾文,SNS,4級,0.2,141.28,63.64,41.34,7.99,2.62,2.56,https://scweb.cwa.gov.tw/webdata/drawTrace/outcome/2026/2026017/4-SNS.gif
115017,臺南市地區,臺南市,楠西,CHN1,4級,5.17,36.91,30.83,15.77,0.79,0.75,0.45,https://scweb.cwa.gov.tw/webdata/drawTrace/outcome/2026/2026017/4-CHN1.gif
115017,臺南市地區,臺南市,白河,C015,4級,16.88,42.14,45.34,36.0,1.52,1.75,1.07,https://scweb.cwa.gov.tw/webdata/drawTrace/outcome/2026/2026017/4-C015.gif
115017,臺南市地區,臺南市,善化,SSH,4級,23.16,25.67,19.77,17.54,1.14,1.01,0.33,https://scweb.cwa.gov.tw/webdata/drawTrace/outcome/2026/2026017/4-SSH.gif
115017,臺南市地區,臺南市,新化,SHH,3級,26.72,10.23,7.98,5.85,0.49,0.4,0.21,https://scweb.cwa.gov.tw/webdata/drawTrace/outcome/2026/2026017/3-SHH.gif
115017,臺南市地區,臺南市,佳里,SCL,3級,30.47,9.71,6.17,7.05,0.37,0.29,0.16,https://scweb.cwa.gov.tw/webdata/drawTrace/outcome/2026/2026017/3-SCL.gif
115017,臺南市地區,臺南市,永康,TAI1,2級,33.31,6.5,6.34,4.05,0.38,0.43,0.13,https://scweb.cwa.gov.tw/webdata/drawTrace/outcome/2026/2026017/2-TAI1.gif
115017,臺南市地區,臺南市,臺南市,TAI,2級,38.98,2.29,3.32,2.48,0.18,0.3,0.12,https://scweb.cwa.gov.tw/webdata/drawTrace/outcome/2026/2026017/2-TAI.gif
115017,雲林縣地區,雲林縣,水林,WSL,3級,43.3,6.32,9.58,2.76,0.61,0.47,0.09,https://scweb.cwa.gov.tw/webdata/drawTrace/outcome/2026/2026017/3-WSL.gif
115017,雲林縣地區,雲林縣,土庫,WTK,3級,53.01,8.4,9.87,2.76,0.52,0.57,0.09,https://scweb.cwa.gov.tw/webdata/drawTrace/outcome/2026/2026017/3-WTK.gif
115017,雲林縣地區,雲林縣,四湖,WSF,3級,53.57,14.47,17.37,5.07,0.72,0.59,0.15,https://scweb.cwa.gov.tw/webdata/drawTrace/outcome/2026/2026017/3-WSF.gif
115017,雲林縣地區,雲林縣,草嶺,CHN5,2級,45.78,5.31,5.38,2.12,0.23,0.29,0.11,https://scweb.cwa.gov.tw/webdata/drawTrace/outcome/2026/2026017/2-CHN5.gif
115017,雲林縣地區,雲林縣,古坑,C168,2級,46.23,3.26,2.39,1.32,0.17,0.16,0.07,https://scweb.cwa.gov.tw/webdata/drawTrace/outcome/2026/2026017/2-C168.gif
115017,雲林縣地區,雲林縣,麥寮,WML,2級,70.54,5.9,4.32,4.29,0.31,0.18,0.13,https://scweb.cwa.gov.tw/webdata/drawTrace/outcome/2026/2026017/2-WML.gif
115017,雲林縣地區,雲林縣,斗六市,WDL,2級,55.08,3.38,4.07,1.68,0.21,0.4,0.08,https://scweb.cwa.gov.tw/webdata/drawTrace/outcome/2026/2026017/2-WDL.gif
115017,雲林縣地區,雲林縣,西螺,C092,1級,63.12,2.52,2.17,1.55,0.18,0.18,0.04,https://scweb.cwa.gov.tw/webdata/drawTrace/outcome/2026/2026017/1-C092.gif
115017,花蓮縣地區,花蓮縣,富里,FULB,1級,81.77,1.83,2.16,0.65,0.08,0.09,0.03,https://scweb.cwa.gov.tw/webdata/drawTrace/outcome/2026/2026017/1-FULB.gif
115017,花蓮縣地區,花蓮縣,紅葉,EHY,1級,90.94,0.6,0.77,0.52,0.02,0.03,0.02,https://scweb.cwa.gov.tw/webdata/drawTrace/outcome/2026/2026017/1-EHY.gif
115017,花蓮縣地區,花蓮縣,西林,ESL,1級,116.84,0.65,0.99,0.46,0.04,0.05,0.03,https://scweb.cwa.gov.tw/webdata/drawTrace/outcome/2026/2026017/1-ESL.gif
115017,花蓮縣地區,花蓮縣,鹽寮,EYL,1級,136.03,0.74,0.73,0.38,0.04,0.06,0.03,https://scweb.cwa.gov.tw/webdata/drawTrace/outcome/2026/2026017/1-EYL.gif
115017,花蓮縣地區,花蓮縣,花蓮市,HWA,1級,141.59,0.9,0.91,0.27,0.06,0.08,0.04,https://scweb.cwa.gov.tw/webdata/drawTrace/outcome/2026/2026017/1-HWA.gif
115017,花蓮縣地區,花蓮縣,西寶,ETLH,1級,148.67,1.15,1.21,0.68,0.05,0.05,0.03,https://scweb.cwa.gov.tw/webdata/drawTrace/outcome/2026/2026017/1-ETLH.gif
115017,苗栗縣地區,苗栗縣,鯉魚潭,TWQ1,1級,128.33,0.81,1.12,0.72,0.07,0.05,0.03,https://scweb.cwa.gov.tw/webdata/drawTrace/outcome/2026/2026017/1-TWQ1.gif
115017,苗栗縣地區,苗栗縣,竹南,NJN,1級,166.82,0.76,0.89,0.3,0.04,0.04,0.02,https://scweb.cwa.gov.tw/webdata/drawTrace/outcome/2026/2026017/1-NJN.gif
115017,臺東縣地區,臺東縣,利稻,ELD,1級,54.35,1.24,1.18,0.93,0.05,0.05,0.04,https://scweb.cwa.gov.tw/webdata/drawTrace/outcome/2026/2026017/1-ELD.gif
115017,臺東縣地區,臺東縣,海端,EHD,1級,73.19,0.9,1.23,0.72,0.05,0.06,0.04,https://scweb.cwa.gov.tw/webdata/drawTrace/outcome/2026/2026017/1-EHD.gif
115017,臺東縣地區,臺東縣,池上,ECS,1級,75.4,0.95,0.97,0.48,0.06,0.05,0.03,https://scweb.cwa.gov.tw/webdata/drawTrace/outcome/2026/2026017/1-ECS.gif
115017,澎湖縣地區,澎湖縣,馬公市,PNG,2級,102.68,2.17,2.18,0.7,0.07,0.06,0.02,https://scweb.cwa.gov.tw/webdata/drawTrace/outcome/2026/2026017/2-PNG.gif
115017,彰化縣地區,彰化縣,大城,WTC,2級,74.24,2.68,2.88,1.07,0.13,0.13,0.04,https://scweb.cwa.gov.tw/webdata/drawTrace/outcome/2026/2026017/2-WTC.gif
115017,彰化縣地區,彰化縣,二林,WRL,2級,76.67,4.53,5.83,2.68,0.34,0.21,0.07,https://scweb.cwa.gov.tw/webdata/drawTrace/outcome/2026/2026017/2-WRL.gif
115017,彰化縣地區,彰化縣,員林,WYL,2級,82.61,1.99,2.44,1.53,0.17,0.14,0.06,https://scweb.cwa.gov.tw/webdata/drawTrace/outcome/2026/2026017/2-WYL.gif
115017,彰化縣地區,彰化縣,鹿港,B112,2級,92.9,4.32,4.28,1.49,0.27,0.23,0.05,https://scweb.cwa.gov.tw/webdata/drawTrace/outcome/2026/2026017/2-B112.gif
115017,彰化縣地區,彰化縣,彰化市,WCHH,2級,95.56,7.51,7.11,3.36,0.15,0.17,0.09,https://scweb.cwa.gov.tw/webdata/drawTrace/outcome/2026/2026017/2-WCHH.gif
115017,臺中市地區,臺中市,梧棲,WWC,2級,115.04,2.96,3.2,2.13,0.17,0.18,0.06,https://scweb.cwa.gov.tw/webdata/drawTrace/outcome/2026/2026017/2-WWC.gif
115017,臺中市地區,臺中市,霧峰,B219,1級,93.55,1.86,1.56,0.95,0.08,0.07,0.04,https://scweb.cwa.gov.tw/webdata/drawTrace/outcome/2026/2026017/1-B219.gif
115017,臺中市地區,臺中市,大甲,WDJ,1級,125.99,0.84,1.17,0.46,0.05,0.1,0.03,https://scweb.cwa.gov.tw/webdata/drawTrace/outcome/2026/2026017/1-WDJ.gif
115017,臺中市地區,臺中市,烏石坑,WHP,1級,126.01,0.83,0.71,0.42,0.05,0.05,0.02,https://scweb.cwa.gov.tw/webdata/drawTrace/outcome/2026/2026017/1-WHP.gif
115017,臺中市地區,臺中市,德基,TWT,1級,132.9,0.6,1.37,0.54,0.03,0.05,0.02,https://scweb.cwa.gov.tw/webdata/drawTrace/outcome/2026/2026017/1-TWT.gif
115017,臺中市地區,臺中市,臺中市,TCU,1級,104.48,0.97,0.97,0.48,0.05,0.04,0.02,https://scweb.cwa.gov.tw/webdata/drawTrace/outcome/2026/2026017/1-TCU.gif
115017,嘉義縣地區,嘉義縣,大埔,WTP,4級,13.26,56.94,40.99,11.11,1.37,1.1,0.39,https://scweb.cwa.gov.tw/webdata/drawTrace/outcome/2026/2026017/4-WTP.gif
115017,嘉義縣地區,嘉義縣,番路,WCKO,4級,26.7,23.31,35.74,9.82,0.87,1.83,0.44,https://scweb.cwa.gov.tw/webdata/drawTrace/outcome/2026/2026017/4-WCKO.gif
115017,嘉義縣地區,嘉義縣,太保市,CHY1,4級,33.4,22.99,27.57,9.21,0.92,1.43,0.32,https://scweb.cwa.gov.tw/webdata/drawTrace/outcome/2026/2026017/4-CHY1.gif
115017,嘉義縣地區,嘉義縣,義竹,CHN8,3級,31.26,9.86,8.13,7.21,0.56,0.55,0.15,https://scweb.cwa.gov.tw/webdata/drawTrace/outcome/2026/2026017/3-CHN8.gif
115017,嘉義縣地區,嘉義縣,民雄,CHN2,3級,34.67,10.32,15.21,5.88,0.54,0.53,0.29,https://scweb.cwa.gov.tw/webdata/drawTrace/outcome/2026/2026017/3-CHN2.gif
115017,嘉義縣地區,嘉義縣,阿里山,ALS,3級,45.62,4.48,7.95,2.18,0.21,0.31,0.11,https://scweb.cwa.gov.tw/webdata/drawTrace/outcome/2026/2026017/3-ALS.gif
115017,屏東縣地區,屏東縣,三地門,SSD,1級,54.81,1.17,1.24,0.76,0.04,0.05,0.04,https://scweb.cwa.gov.tw/webdata/drawTrace/outcome/2026/2026017/1-SSD.gif
115017,屏東縣地區,屏東縣,屏東市,SPT,1級,60.27,,,,,,,
115017,嘉義市地區,嘉義市,嘉義市,CHY,3級,31.31,14.68,19.95,3.21,1.06,1.13,0.15,https://scweb.cwa.gov.tw/webdata/drawTrace/outcome/2026/2026017/3-CHY.gif
115016,南投縣地區,南投縣,合歡山,WHF,2級,58.69,3.68,2.53,1.01,0.11,0.09,0.03,https://scweb.cwa.gov.tw/webdata/drawTrace/outcome/2026/2026016/2-WHF.gif
115016,臺北市地區,臺北市,信義區,NHY,1級,75.99,0.86,0.71,1.74,0.04,0.03,0.04,https://scweb.cwa.gov.tw/webdata/drawTrace/outcome/2026/2026016/1-NHY.gif
115016,新北市地區,新北市,五分山,NWF,2級,76.16,2.67,1.89,1.55,0.13,0.1,0.05,https://scweb.cwa.gov.tw/webdata/drawTrace/outcome/2026/2026016/2-NWF.gif
115016,新北市地區,新北市,汐止,NXZ,2級,78.11,2.95,3.85,1.06,0.08,0.08,0.02,https://scweb.cwa.gov.tw/webdata/drawTrace/outcome/2026/2026016/2-NXZ.gif
115016,新北市地區,新北市,烏來,A124,1級,58.09,1.66,1.73,0.77,0.04,0.04,0.02,https://scweb.cwa.gov.tw/webdata/drawTrace/outcome/2026/2026016/1-A124.gif
115016,新北市地區,新北市,新店,NHDH,1級,69.0,1.26,1.03,0.59,0.03,0.04,0.01,https://scweb.cwa.gov.tw/webdata/drawTrace/outcome/2026/2026016/1-NHDH.gif
115016,新北市地區,新北市,三貂角,TWB1,1級,72.18,0.93,0.69,0.23,0.03,0.02,0.01,https://scweb.cwa.gov.tw/webdata/drawTrace/outcome/2026/2026016/1-TWB1.gif
115016,新北市地區,新北市,新北市,A024,1級,77.09,0.92,1.06,1.11,0.04,0.04,0.04,https://scweb.cwa.gov.tw/webdata/drawTrace/outcome/2026/2026016/1-A024.gif
115016,新北市地區,新北市,淡水,NTS,1級,92.94,,,,,,,
115016,新北市地區,新北市,萬里,NWR,1級,91.53,0.73,1.35,0.27,0.03,0.05,0.01,https://scweb.cwa.gov.tw/webdata/drawTrace/outcome/2026/2026016/1-NWR.gif
115016,桃園市地區,桃園市,三光,NSK,1級,53.24,2.44,1.95,0.8,0.05,0.04,0.03,https://scweb.cwa.gov.tw/webdata/drawTrace/outcome/2026/2026016/1-NSK.gif
115016,桃園市地區,桃園市,桃園市,NTY,1級,84.23,1.07,1.11,0.44,0.03,0.03,0.01,https://scweb.cwa.gov.tw/webdata/drawTrace/outcome/2026/2026016/1-NTY.gif
115016,桃園市地區,桃園市,新屋,NHW,1級,101.71,1.13,0.64,0.17,0.03,0.02,0.0,https://scweb.cwa.gov.tw/webdata/drawTrace/outcome/2026/2026016/1-NHW.gif
115016,新竹縣地區,新竹縣,竹東,NJD,1級,80.73,1.04,0.95,0.46,0.06,0.04,0.02,https://scweb.cwa.gov.tw/webdata/drawTrace/outcome/2026/2026016/1-NJD.gif
115016,臺中市地區,臺中市,梨山,FUSS,1級,57.17,1.21,1.88,0.81,0.04,0.06,0.02,https://scweb.cwa.gov.tw/webdata/drawTrace/outcome/2026/2026016/1-FUSS.gif
115016,臺中市地區,臺中市,德基,TWT,1級,65.17,1.07,1.73,0.54,0.03,0.05,0.02,https://scweb.cwa.gov.tw/webdata/drawTrace/outcome/2026/2026016/1-TWT.gif
115016,花蓮縣地區,花蓮縣,和平,EHP,4級,9.27,70.53,52.09,28.03,1.01,1.24,0.54,https://scweb.cwa.gov.tw/webdata/drawTrace/outcome/2026/2026016/4-EHP.gif
115016,花蓮縣地區,花蓮縣,太魯閣,ETL,4級,30.14,30.47,33.44,8.88,0.35,0.55,0.13,https://scweb.cwa.gov.tw/webdata/drawTrace/outcome/2026/2026016/4-ETL.gif
115016,花蓮縣地區,花蓮縣,西寶,ETLH,3級,36.73,11.1,10.57,11.48,0.24,0.3,0.22,https://scweb.cwa.gov.tw/webdata/drawTrace/outcome/2026/2026016/3-ETLH.gif
115016,花蓮縣地區,花蓮縣,秀林,TWD,1級,38.48,1.5,1.19,1.76,0.03,0.02,0.04,https://scweb.cwa.gov.tw/webdata/drawTrace/outcome/2026/2026016/1-TWD.gif
115016,花蓮縣地區,花蓮縣,花蓮市,HWA,1級,48.78,1.48,1.27,0.56,0.04,0.04,0.01,https://scweb.cwa.gov.tw/webdata/drawTrace/outcome/2026/2026016/1-HWA.gif
115016,花蓮縣地區,花蓮縣,鹽寮,EYL,1級,56.67,0.88,1.17,0.46,0.04,0.05,0.02,https://scweb.cwa.gov.tw/webdata/drawTrace/outcome/2026/2026016/1-EYL.gif
115016,花蓮縣地區,花蓮縣,銅門,ETM,1級,55.28,,,,,,,
115016,宜蘭縣地區,宜蘭縣,南澳,ENA,4級,5.89,228.23,199.32,58.34,2.8,2.49,0.72,https://scweb.cwa.gov.tw/webdata/drawTrace/outcome/2026/2026016/4-ENA.gif
115016,宜蘭縣地區,宜蘭縣,蘇澳,TWC,3級,25.83,6.79,11.66,3.38,0.2,0.26,0.08,https://scweb.cwa.gov.tw/webdata/drawTrace/outcome/2026/2026016/3-TWC.gif
115016,宜蘭縣地區,宜蘭縣,冬山,NDS,3級,28.48,12.32,10.67,6.91,0.33,0.37,0.19,https://scweb.cwa.gov.tw/webdata/drawTrace/outcome/2026/2026016/3-NDS.gif
115016,宜蘭縣地區,宜蘭縣,牛鬥,ENT,3級,35.35,3.8,13.88,10.79,0.06,0.23,0.12,https://scweb.cwa.gov.tw/webdata/drawTrace/outcome/2026/2026016/3-ENT.gif
115016,宜蘭縣地區,宜蘭縣,南山,NNS,3級,41.5,7.27,11.26,2.68,0.16,0.22,0.09,https://scweb.cwa.gov.tw/webdata/drawTrace/outcome/2026/2026016/3-NNS.gif
115016,宜蘭縣地區,宜蘭縣,大同,NDT,2級,36.74,3.51,3.45,1.43,0.09,0.13,0.04,https://scweb.cwa.gov.tw/webdata/drawTrace/outcome/2026/2026016/2-NDT.gif
115016,宜蘭縣地區,宜蘭縣,內城,TWE,2級,38.39,5.55,3.54,1.74,0.17,0.12,0.05,https://scweb.cwa.gov.tw/webdata/drawTrace/outcome/2026/2026016/2-TWE.gif
115016,宜蘭縣地區,宜蘭縣,頭城,NTC,2級,52.14,2.43,3.4,1.41,0.08,0.09,0.03,https://scweb.cwa.gov.tw/webdata/drawTrace/outcome/2026/2026016/2-NTC.gif
115016,宜蘭縣地區,宜蘭縣,宜蘭市,ILA,2級,42.12,3.59,4.45,2.66,0.18,0.16,0.06,https://scweb.cwa.gov.tw/webdata/drawTrace/outcome/2026/2026016/2-ILA.gif
115016,宜蘭縣地區,宜蘭縣,龜山島,EGS,1級,53.19,0.73,0.68,0.62,0.02,0.02,0.02,https://scweb.cwa.gov.tw/webdata/drawTrace/outcome/2026/2026016/1-EGS.gif
115015,高雄市地區,高雄市,甲仙,SGS,3級,8.19,6.79,7.8,3.02,0.3,0.41,0.14,https://scweb.cwa.gov.tw/webdata/drawTrace/outcome/2026/2026015/3-SGS.gif
115015,高雄市地區,高雄市,旗山,SCS,2級,22.96,4.4,3.56,3.61,0.26,0.25,0.13,https://scweb.cwa.gov.tw/webdata/drawTrace/outcome/2026/2026015/2-SCS.gif
115015,高雄市地區,高雄市,六龜,SLG,1級,17.59,1.95,2.01,3.26,0.07,0.11,0.09,https://scweb.cwa.gov.tw/webdata/drawTrace/outcome/2026/2026015/1-SLG.gif
115015,高雄市地區,高雄市,桃源,STYH,1級,29.23,2.22,2.33,2.42,0.07,0.09,0.04,https://scweb.cwa.gov.tw/webdata/drawTrace/outcome/2026/2026015/1-STYH.gif
115015,高雄市地區,高雄市,路竹,D009,1級,35.54,1.34,1.49,1.0,0.09,0.08,0.04,https://scweb.cwa.gov.tw/webdata/drawTrace/outcome/2026/2026015/1-D009.gif
115015,高雄市地區,高雄市,高雄市,D106,1級,55.88,0.48,0.87,0.47,0.03,0.05,0.02,https://scweb.cwa.gov.tw/webdata/drawTrace/outcome/2026/2026015/1-D106.gif
115015,臺南市地區,臺南市,楠西,CHN1,3級,10.47,19.24,24.26,11.75,0.88,0.6,0.33,https://scweb.cwa.gov.tw/webdata/drawTrace/outcome/2026/2026015/3-CHN1.gif
115015,臺南市地區,臺南市,新化,SHH,3級,18.53,15.4,15.5,8.45,0.69,0.67,0.25,https://scweb.cwa.gov.tw/webdata/drawTrace/outcome/2026/2026015/3-SHH.gif
115015,臺南市地區,臺南市,曾文,SNS,2級,14.27,3.68,4.73,3.07,0.17,0.19,0.11,https://scweb.cwa.gov.tw/webdata/drawTrace/outcome/2026/2026015/2-SNS.gif
115015,臺南市地區,臺南市,善化,SSH,2級,23.42,3.42,2.74,3.27,0.16,0.16,0.13,https://scweb.cwa.gov.tw/webdata/drawTrace/outcome/2026/2026015/2-SSH.gif
115015,臺南市地區,臺南市,永康,TAI1,2級,28.82,2.13,2.5,1.19,0.13,0.16,0.05,https://scweb.cwa.gov.tw/webdata/drawTrace/outcome/2026/2026015/2-TAI1.gif
115015,臺南市地區,臺南市,白河,C015,2級,30.6,5.57,6.06,3.67,0.19,0.28,0.11,https://scweb.cwa.gov.tw/webdata/drawTrace/outcome/2026/2026015/2-C015.gif
115015,臺南市地區,臺南市,佳里,SCL,2級,33.04,1.79,2.36,1.49,0.08,0.1,0.06,https://scweb.cwa.gov.tw/webdata/drawTrace/outcome/2026/2026015/2-SCL.gif
115015,臺南市地區,臺南市,臺南市,TAI,1級,33.32,1.67,2.04,1.43,0.11,0.09,0.06,https://scweb.cwa.gov.tw/webdata/drawTrace/outcome/2026/2026015/1-TAI.gif
115015,雲林縣地區,雲林縣,四湖,WSF,2級,66.93,2.32,3.52,1.49,0.09,0.14,0.03,https://scweb.cwa.gov.tw/webdata/drawTrace/outcome/2026/2026015/2-WSF.gif
115015,雲林縣地區,雲林縣,水林,WSL,1級,55.93,1.28,1.08,0.45,0.06,0.06,0.02,https://scweb.cwa.gov.tw/webdata/drawTrace/outcome/2026/2026015/1-WSL.gif
115015,雲林縣地區,雲林縣,草嶺,CHN5,1級,58.55,1.2,0.93,0.6,0.05,0.05,0.02,https://scweb.cwa.gov.tw/webdata/drawTrace/outcome/2026/2026015/1-CHN5.gif
115015,雲林縣地區,雲林縣,西螺,C092,1級,77.38,2.1,1.44,1.73,0.05,0.06,0.03,https://scweb.cwa.gov.tw/webdata/drawTrace/outcome/2026/2026015/1-C092.gif
115015,雲林縣地區,雲林縣,麥寮,WML,1級,84.37,1.78,1.12,0.85,0.12,0.04,0.03,https://scweb.cwa.gov.tw/webdata/drawTrace/outcome/2026/2026015/1-WML.gif
115015,雲林縣地區,雲林縣,土庫,WTK,1級,67.28,2.1,2.1,0.68,0.07,0.07,0.02,https://scweb.cwa.gov.tw/webdata/drawTrace/outcome/2026/2026015/1-WTK.gif
115015,彰化縣地區,彰化縣,二林,WRL,2級,90.98,1.94,2.85,1.69,0.06,0.07,0.04,https://scweb.cwa.gov.tw/webdata/drawTrace/outcome/2026/2026015/2-WRL.gif
115015,彰化縣地區,彰化縣,大城,WTC,1級,88.39,0.83,2.25,0.45,0.05,0.08,0.01,https://scweb.cwa.gov.tw/webdata/drawTrace/outcome/2026/2026015/1-WTC.gif
115015,彰化縣地區,彰化縣,彰化市,WCHH,1級,109.67,1.3,0.99,0.45,0.03,0.02,0.01,https://scweb.cwa.gov.tw/webdata/drawTrace/outcome/2026/2026015/1-WCHH.gif
115015,嘉義縣地區,嘉義縣,大埔,WTP,2級,20.3,3.22,3.52,2.38,0.15,0.1,0.07,https://scweb.cwa.gov.tw/webdata/drawTrace/outcome/2026/2026015/2-WTP.gif
115015,嘉義縣地區,嘉義縣,番路,WCKO,2級,39.61,2.44,3.14,0.86,0.09,0.11,0.04,https://scweb.cwa.gov.tw/webdata/drawTrace/outcome/2026/2026015/2-WCKO.gif
115015,嘉義縣地區,嘉義縣,太保市,CHY1,2級,46.24,1.97,2.48,1.11,0.09,0.1,0.04,https://scweb.cwa.gov.tw/webdata/drawTrace/outcome/2026/2026015/2-CHY1.gif
115015,嘉義縣地區,嘉義縣,義竹,CHN8,1級,40.97,1.27,1.73,0.82,0.08,0.08,0.04,https://scweb.cwa.gov.tw/webdata/drawTrace/outcome/2026/2026015/1-CHN8.gif
115015,嘉義縣地區,嘉義縣,民雄,CHN2,1級,48.97,1.87,2.09,1.45,0.08,0.1,0.07,https://scweb.cwa.gov.tw/webdata/drawTrace/outcome/2026/2026015/1-CHN2.gif
115015,屏東縣地區,屏東縣,三地門,SSD,1級,40.73,0.65,0.88,0.49,0.03,0.04,0.02,https://scweb.cwa.gov.tw/webdata/drawTrace/outcome/2026/2026015/1-SSD.gif
115015,嘉義市地區,嘉義市,嘉義市,CHY,2級,45.6,2.63,2.97,0.97,0.12,0.14,0.03,https://scweb.cwa.gov.tw/webdata/drawTrace/outcome/2026/2026015/2-CHY.gif
115014,南投縣地區,南投縣,合歡山,WHF,2級,88.64,4.17,4.02,2.06,0.21,0.21,0.12,https://scweb.cwa.gov.tw/webdata/drawTrace/outcome/2026/2026014/2-WHF.gif
115014,南投縣地區,南投縣,奧萬大,OWD,2級,110.38,2.14,2.69,1.34,0.1,0.08,0.06,https://scweb.cwa.gov.tw/webdata/drawTrace/outcome/2026/2026014/2-OWD.gif
115014,南投縣地區,南投縣,日月潭,SML,2級,135.67,2.64,1.43,0.6,0.23,0.11,0.04,https://scweb.cwa.gov.tw/webdata/drawTrace/outcome/2026/2026014/2-SML.gif
115014,南投縣地區,南投縣,南投市,WNT1,2級,152.29,1.69,2.15,1.62,0.09,0.1,0.05,https://scweb.cwa.gov.tw/webdata/drawTrace/outcome/2026/2026014/2-WNT1.gif
115014,南投縣地區,南投縣,玉山,YUS,2級,164.48,3.08,1.96,0.53,0.19,0.13,0.03,https://scweb.cwa.gov.tw/webdata/drawTrace/outcome/2026/2026014/2-YUS.gif
115014,南投縣地區,南投縣,埔里,WPL,1級,122.59,1.09,1.1,0.69,0.07,0.06,0.04,https://scweb.cwa.gov.tw/webdata/drawTrace/outcome/2026/2026014/1-WPL.gif
115014,南投縣地區,南投縣,信義鄉,WHY,1級,153.83,1.51,2.22,0.95,0.12,0.1,0.06,https://scweb.cwa.gov.tw/webdata/drawTrace/outcome/2026/2026014/1-WHY.gif
115014,南投縣地區,南投縣,竹山,WJS,1級,154.01,1.03,1.34,0.7,0.07,0.09,0.04,https://scweb.cwa.gov.tw/webdata/drawTrace/outcome/2026/2026014/1-WJS.gif
115014,南投縣地區,南投縣,國姓,WCS,1級,123.49,1.27,1.04,0.46,0.05,0.05,0.03,https://scweb.cwa.gov.tw/webdata/drawTrace/outcome/2026/2026014/1-WCS.gif
115014,臺南市地區,臺南市,白河,C015,2級,212.49,2.28,2.09,1.36,0.16,0.15,0.04,https://scweb.cwa.gov.tw/webdata/drawTrace/outcome/2026/2026014/2-C015.gif
115014,臺南市地區,臺南市,善化,SSH,1級,238.63,0.82,0.95,0.3,0.06,0.07,0.02,https://scweb.cwa.gov.tw/webdata/drawTrace/outcome/2026/2026014/1-SSH.gif
115014,臺南市地區,臺南市,佳里,SCL,1級,241.87,1.12,1.17,0.38,0.07,0.07,0.01,https://scweb.cwa.gov.tw/webdata/drawTrace/outcome/2026/2026014/1-SCL.gif
115014,臺北市地區,臺北市,信義區,NHY,3級,53.48,8.43,11.66,9.6,0.54,0.63,0.4,https://scweb.cwa.gov.tw/webdata/drawTrace/outcome/2026/2026014/3-NHY.gif
115014,臺北市地區,臺北市,木柵,TWA,2級,46.81,2.53,2.94,2.56,0.21,0.16,0.21,https://scweb.cwa.gov.tw/webdata/drawTrace/outcome/2026/2026014/2-TWA.gif
115014,臺北市地區,臺北市,臺北市,TAP,2級,57.09,2.19,2.93,4.16,0.21,0.22,0.11,https://scweb.cwa.gov.tw/webdata/drawTrace/outcome/2026/2026014/2-TAP.gif
115014,臺北市地區,臺北市,陽明山,ANP,1級,68.34,1.34,1.48,0.92,0.06,0.11,0.07,https://scweb.cwa.gov.tw/webdata/drawTrace/outcome/2026/2026014/1-ANP.gif
115014,雲林縣地區,雲林縣,草嶺,CHN5,2級,174.34,3.04,2.36,0.79,0.16,0.11,0.05,https://scweb.cwa.gov.tw/webdata/drawTrace/outcome/2026/2026014/2-CHN5.gif
115014,雲林縣地區,雲林縣,斗六市,WDL,2級,176.53,3.22,3.79,1.33,0.18,0.18,0.05,https://scweb.cwa.gov.tw/webdata/drawTrace/outcome/2026/2026014/2-WDL.gif
115014,雲林縣地區,雲林縣,土庫,WTK,2級,190.61,3.49,2.6,1.31,0.18,0.14,0.05,https://scweb.cwa.gov.tw/webdata/drawTrace/outcome/2026/2026014/2-WTK.gif
115014,雲林縣地區,雲林縣,四湖,WSF,2級,207.15,2.24,3.14,1.27,0.13,0.14,0.05,https://scweb.cwa.gov.tw/webdata/drawTrace/outcome/2026/2026014/2-WSF.gif
115014,雲林縣地區,雲林縣,西螺,C092,1級,176.01,1.9,2.03,0.66,0.07,0.08,0.03,https://scweb.cwa.gov.tw/webdata/drawTrace/outcome/2026/2026014/1-C092.gif
115014,雲林縣地區,雲林縣,古坑,C168,1級,181.17,1.5,1.31,0.53,0.06,0.1,0.04,https://scweb.cwa.gov.tw/webdata/drawTrace/outcome/2026/2026014/1-C168.gif
115014,雲林縣地區,雲林縣,麥寮,WML,1級,197.81,2.09,1.55,0.89,0.13,0.09,0.04,https://scweb.cwa.gov.tw/webdata/drawTrace/outcome/2026/2026014/1-WML.gif
115014,雲林縣地區,雲林縣,水林,WSL,1級,214.68,1.43,1.51,0.71,0.09,0.09,0.03,https://scweb.cwa.gov.tw/webdata/drawTrace/outcome/2026/2026014/1-WSL.gif
115014,新北市地區,新北市,新店,NHDH,3級,50.56,12.14,9.92,4.22,0.54,0.54,0.11,https://scweb.cwa.gov.tw/webdata/drawTrace/outcome/2026/2026014/3-NHDH.gif
115014,新北市地區,新北市,汐止,NXZ,3級,52.3,8.25,10.27,3.7,0.26,0.34,0.12,https://scweb.cwa.gov.tw/webdata/drawTrace/outcome/2026/2026014/3-NXZ.gif
115014,新北市地區,新北市,新北市,A024,3級,58.67,10.73,3.63,3.43,0.54,0.29,0.14,https://scweb.cwa.gov.tw/webdata/drawTrace/outcome/2026/2026014/3-A024.gif
115014,新北市地區,新北市,淡水,NTS,3級,71.77,6.81,8.13,2.47,0.41,0.49,0.16,https://scweb.cwa.gov.tw/webdata/drawTrace/outcome/2026/2026014/3-NTS.gif
115014,新北市地區,新北市,雙溪,TIPB,2級,33.77,4.16,2.33,3.09,0.25,0.09,0.05,https://scweb.cwa.gov.tw/webdata/drawTrace/outcome/2026/2026014/2-TIPB.gif
115014,新北市地區,新北市,烏來,A124,2級,42.31,3.91,3.27,2.48,0.14,0.1,0.06,https://scweb.cwa.gov.tw/webdata/drawTrace/outcome/2026/2026014/2-A124.gif
115014,新北市地區,新北市,五分山,NWF,2級,45.65,5.99,4.38,2.15,0.45,0.29,0.12,https://scweb.cwa.gov.tw/webdata/drawTrace/outcome/2026/2026014/2-NWF.gif
115014,新北市地區,新北市,三峽,NSX,2級,62.21,5.6,4.88,2.91,0.16,0.15,0.1,https://scweb.cwa.gov.tw/webdata/drawTrace/outcome/2026/2026014/2-NSX.gif
115014,新北市地區,新北市,萬里,NWR,2級,63.59,2.61,3.64,0.87,0.1,0.1,0.03,https://scweb.cwa.gov.tw/webdata/drawTrace/outcome/2026/2026014/2-NWR.gif
115014,新北市地區,新北市,五股,TWS1,2級,68.59,5.42,6.75,4.15,0.18,0.34,0.17,https://scweb.cwa.gov.tw/webdata/drawTrace/outcome/2026/2026014/2-TWS1.gif
115014,新北市地區,新北市,三貂角,TWB1,1級,37.1,1.83,1.7,2.25,0.14,0.06,0.06,https://scweb.cwa.gov.tw/webdata/drawTrace/outcome/2026/2026014/1-TWB1.gif
115014,新北市地區,新北市,石門,NSM,1級,75.3,1.51,1.45,0.88,0.07,0.07,0.06,https://scweb.cwa.gov.tw/webdata/drawTrace/outcome/2026/2026014/1-NSM.gif
115014,花蓮縣地區,花蓮縣,和平,EHP,3級,44.65,11.66,13.09,6.83,0.46,0.76,0.38,https://scweb.cwa.gov.tw/webdata/drawTrace/outcome/2026/2026014/3-EHP.gif
115014,花蓮縣地區,花蓮縣,太魯閣,ETL,2級,65.22,8.54,9.88,2.77,0.15,0.22,0.05,https://scweb.cwa.gov.tw/webdata/drawTrace/outcome/2026/2026014/2-ETL.gif
115014,花蓮縣地區,花蓮縣,西寶,ETLH,2級,68.78,7.07,7.63,5.38,0.27,0.28,0.18,https://scweb.cwa.gov.tw/webdata/drawTrace/outcome/2026/2026014/2-ETLH.gif
115014,花蓮縣地區,花蓮縣,花蓮市,HWA,2級,84.16,3.01,3.03,1.17,0.15,0.12,0.05,https://scweb.cwa.gov.tw/webdata/drawTrace/outcome/2026/2026014/2-HWA.gif
115014,花蓮縣地區,花蓮縣,鹽寮,EYL,2級,92.02,4.64,3.09,1.75,0.23,0.2,0.11,https://scweb.cwa.gov.tw/webdata/drawTrace/outcome/2026/2026014/2-EYL.gif
115014,花蓮縣地區,花蓮縣,銅門,ETM,2級,90.32,,,,,,,
115014,花蓮縣地區,花蓮縣,秀林,TWD,1級,73.75,1.14,1.17,1.97,0.06,0.06,0.05,https://scweb.cwa.gov.tw/webdata/drawTrace/outcome/2026/2026014/1-TWD.gif
115014,花蓮縣地區,花蓮縣,水璉,SHUL,1級,105.47,1.47,1.31,0.9,0.07,0.06,0.03,https://scweb.cwa.gov.tw/webdata/drawTrace/outcome/2026/2026014/1-SHUL.gif
115014,花蓮縣地區,花蓮縣,西林,ESL,1級,107.87,2.51,3.09,1.0,0.06,0.04,0.03,https://scweb.cwa.gov.tw/webdata/drawTrace/outcome/2026/2026014/1-ESL.gif
115014,花蓮縣地區,花蓮縣,光復,EGFH,1級,122.84,1.81,1.85,1.45,0.06,0.07,0.03,https://scweb.cwa.gov.tw/webdata/drawTrace/outcome/2026/2026014/1-EGFH.gif
115014,花蓮縣地區,花蓮縣,紅葉,EHY,1級,143.64,1.37,0.96,0.68,0.04,0.03,0.02,https://scweb.cwa.gov.tw/webdata/drawTrace/outcome/2026/2026014/1-EHY.gif
115014,苗栗縣地區,苗栗縣,後龍,B222,3級,110.2,7.65,4.44,2.86,0.25,0.27,0.11,https://scweb.cwa.gov.tw/webdata/drawTrace/outcome/2026/2026014/3-B222.gif
115014,苗栗縣地區,苗栗縣,三義,NSY,3級,120.2,2.33,9.78,1.41,0.09,0.5,0.06,https://scweb.cwa.gov.tw/webdata/drawTrace/outcome/2026/2026014/3-NSY.gif
115014,苗栗縣地區,苗栗縣,南庄,NST,2級,92.4,5.37,4.26,2.23,0.36,0.19,0.08,https://scweb.cwa.gov.tw/webdata/drawTrace/outcome/2026/2026014/2-NST.gif
115014,苗栗縣地區,苗栗縣,竹南,NJN,2級,106.23,3.37,5.19,1.48,0.16,0.3,0.07,https://scweb.cwa.gov.tw/webdata/drawTrace/outcome/2026/2026014/2-NJN.gif
115014,苗栗縣地區,苗栗縣,苗栗市,NML,2級,111.52,5.81,5.17,1.79,0.3,0.3,0.08,https://scweb.cwa.gov.tw/webdata/drawTrace/outcome/2026/2026014/2-NML.gif
115014,苗栗縣地區,苗栗縣,鯉魚潭,TWQ1,2級,121.22,1.6,2.38,0.91,0.09,0.11,0.06,https://scweb.cwa.gov.tw/webdata/drawTrace/outcome/2026/2026014/2-TWQ1.gif
115014,苗栗縣地區,苗栗縣,泰安,H176,1級,102.02,2.0,1.63,1.11,0.09,0.09,0.05,https://scweb.cwa.gov.tw/webdata/drawTrace/outcome/2026/2026014/1-H176.gif
115014,臺東縣地區,臺東縣,成功,CHK,1級,184.17,1.12,1.19,0.47,0.03,0.04,0.01,https://scweb.cwa.gov.tw/webdata/drawTrace/outcome/2026/2026014/1-CHK.gif
115014,臺東縣地區,臺東縣,利稻,ELD,1級,189.04,0.68,0.78,0.4,0.02,0.03,0.02,https://scweb.cwa.gov.tw/webdata/drawTrace/outcome/2026/2026014/1-ELD.gif
115014,臺東縣地區,臺東縣,東河,EDH,1級,199.57,0.88,1.04,0.4,0.03,0.04,0.01,https://scweb.cwa.gov.tw/webdata/drawTrace/outcome/2026/2026014/1-EDH.gif
115014,彰化縣地區,彰化縣,彰化市,WCHH,2級,153.37,3.8,3.9,1.3,0.1,0.08,0.04,https://scweb.cwa.gov.tw/webdata/drawTrace/outcome/2026/2026014/2-WCHH.gif
115014,彰化縣地區,彰化縣,二林,WRL,2級,178.72,3.18,2.33,1.73,0.12,0.14,0.06,https://scweb.cwa.gov.tw/webdata/drawTrace/outcome/2026/2026014/2-WRL.gif
115014,彰化縣地區,彰化縣,鹿港,B112,1級,166.27,1.44,1.47,1.06,0.07,0.06,0.03,https://scweb.cwa.gov.tw/webdata/drawTrace/outcome/2026/2026014/1-B112.gif
115014,彰化縣地區,彰化縣,大城,WTC,1級,188.83,2.46,1.49,1.17,0.11,0.07,0.02,https://scweb.cwa.gov.tw/webdata/drawTrace/outcome/2026/2026014/1-WTC.gif
115014,彰化縣地區,彰化縣,員林,WYL,1級,157.7,1.94,1.64,1.54,0.09,0.09,0.06,https://scweb.cwa.gov.tw/webdata/drawTrace/outcome/2026/2026014/1-WYL.gif
115014,桃園市地區,桃園市,桃園市,NTY,3級,72.22,13.53,11.14,4.36,0.53,0.38,0.11,https://scweb.cwa.gov.tw/webdata/drawTrace/outcome/2026/2026014/3-NTY.gif
115014,桃園市地區,桃園市,新屋,NHW,3級,95.34,8.85,6.51,1.2,0.28,0.29,0.05,https://scweb.cwa.gov.tw/webdata/drawTrace/outcome/2026/2026014/3-NHW.gif
115014,桃園市地區,桃園市,三光,NSK,2級,56.01,4.0,4.5,1.76,0.19,0.21,0.1,https://scweb.cwa.gov.tw/webdata/drawTrace/outcome/2026/2026014/2-NSK.gif
115014,桃園市地區,桃園市,大溪,B011,2級,67.96,2.72,3.13,2.08,0.13,0.2,0.08,https://scweb.cwa.gov.tw/webdata/drawTrace/outcome/2026/2026014/2-B011.gif
115014,桃園市地區,桃園市,中壢,NCU,2級,80.66,3.9,5.62,2.11,0.3,0.31,0.08,https://scweb.cwa.gov.tw/webdata/drawTrace/outcome/2026/2026014/2-NCU.gif
115014,新竹縣地區,新竹縣,關西,KSHI,3級,76.1,13.27,15.92,5.46,0.38,0.58,0.21,https://scweb.cwa.gov.tw/webdata/drawTrace/outcome/2026/2026014/3-KSHI.gif
115014,新竹縣地區,新竹縣,竹東,NJD,3級,84.4,8.5,8.39,3.05,0.28,0.31,0.18,https://scweb.cwa.gov.tw/webdata/drawTrace/outcome/2026/2026014/3-NJD.gif
115014,新竹縣地區,新竹縣,五峰,NFF,2級,81.37,4.2,4.98,2.06,0.2,0.3,0.09,https://scweb.cwa.gov.tw/webdata/drawTrace/outcome/2026/2026014/2-NFF.gif
115014,新竹縣地區,新竹縣,竹北市,HSN,2級,93.07,7.85,6.16,2.67,0.35,0.3,0.12,https://scweb.cwa.gov.tw/webdata/drawTrace/outcome/2026/2026014/2-HSN.gif
115014,臺中市地區,臺中市,德基,TWT,3級,90.5,3.34,8.28,2.74,0.21,0.37,0.11,https://scweb.cwa.gov.tw/webdata/drawTrace/outcome/2026/2026014/3-TWT.gif
115014,臺中市地區,臺中市,梨山,FUSS,2級,83.69,3.59,3.13,1.99,0.2,0.16,0.07,https://scweb.cwa.gov.tw/webdata/drawTrace/outcome/2026/2026014/2-FUSS.gif
115014,臺中市地區,臺中市,烏石坑,WHP,2級,108.37,2.99,2.54,1.76,0.22,0.26,0.08,https://scweb.cwa.gov.tw/webdata/drawTrace/outcome/2026/2026014/2-WHP.gif
115014,臺中市地區,臺中市,大甲,WDJ,1級,134.81,1.62,1.67,0.67,0.1,0.16,0.05,https://scweb.cwa.gov.tw/webdata/drawTrace/outcome/2026/2026014/1-WDJ.gif
115014,臺中市地區,臺中市,臺中市,TCU,1級,138.66,0.97,0.71,0.31,0.05,0.04,0.02,https://scweb.cwa.gov.tw/webdata/drawTrace/outcome/2026/2026014/1-TCU.gif
115014,臺中市地區,臺中市,霧峰,B219,1級,142.64,1.27,1.71,0.85,0.06,0.09,0.05,https://scweb.cwa.gov.tw/webdata/drawTrace/outcome/2026/2026014/1-B219.gif
115014,臺中市地區,臺中市,梧棲,WWC,1級,149.17,1.77,2.01,1.39,0.11,0.11,0.06,https://scweb.cwa.gov.tw/webdata/drawTrace/outcome/2026/2026014/1-WWC.gif
115014,基隆市地區,基隆市,基隆市,NOU,1級,54.16,2.05,1.0,0.82,0.15,0.08,0.03,https://scweb.cwa.gov.tw/webdata/drawTrace/outcome/2026/2026014/1-NOU.gif
115014,新竹市地區,新竹市,新竹市,HSN1,3級,91.88,7.25,11.56,2.77,0.44,0.45,0.14,https://scweb.cwa.gov.tw/webdata/drawTrace/outcome/2026/2026014/3-HSN1.gif
115014,嘉義縣地區,嘉義縣,番路,WCKO,2級,192.01,2.48,5.17,1.17,0.14,0.27,0.06,https://scweb.cwa.gov.tw/webdata/drawTrace/outcome/2026/2026014/2-WCKO.gif
115014,嘉義縣地區,嘉義縣,民雄,CHN2,2級,194.48,3.22,2.93,1.61,0.22,0.15,0.09,https://scweb.cwa.gov.tw/webdata/drawTrace/outcome/2026/2026014/2-CHN2.gif
115014,嘉義縣地區,嘉義縣,太保市,CHY1,2級,213.91,2.74,1.69,1.06,0.08,0.07,0.04,https://scweb.cwa.gov.tw/webdata/drawTrace/outcome/2026/2026014/2-CHY1.gif
115014,嘉義縣地區,嘉義縣,阿里山,ALS,1級,171.92,1.97,2.28,0.93,0.13,0.15,0.06,https://scweb.cwa.gov.tw/webdata/drawTrace/outcome/2026/2026014/1-ALS.gif
115014,嘉義縣地區,嘉義縣,大埔,WTP,1級,206.96,0.5,0.76,0.24,0.04,0.05,0.01,https://scweb.cwa.gov.tw/webdata/drawTrace/outcome/2026/2026014/1-WTP.gif
115014,嘉義縣地區,嘉義縣,義竹,CHN8,1級,227.33,1.2,1.49,0.39,0.09,0.09,0.03,https://scweb.cwa.gov.tw/webdata/drawTrace/outcome/2026/2026014/1-CHN8.gif
115014,宜蘭縣地區,宜蘭縣,南澳,ENA,4級,33.09,31.77,60.54,13.69,0.83,1.1,0.38,https://scweb.cwa.gov.tw/webdata/drawTrace/outcome/2026/2026014/4-ENA.gif
115014,宜蘭縣地區,宜蘭縣,蘇澳,TWC,3級,10.02,7.15,9.34,3.77,0.48,0.45,0.13,https://scweb.cwa.gov.tw/webdata/drawTrace/outcome/2026/2026014/3-TWC.gif
115014,宜蘭縣地區,宜蘭縣,宜蘭市,ILA,3級,18.92,9.77,10.23,8.88,0.57,0.76,0.43,https://scweb.cwa.gov.tw/webdata/drawTrace/outcome/2026/2026014/3-ILA.gif
115014,宜蘭縣地區,宜蘭縣,冬山,NDS,3級,21.19,14.05,16.98,8.82,0.73,1.08,0.4,https://scweb.cwa.gov.tw/webdata/drawTrace/outcome/2026/2026014/3-NDS.gif
115014,宜蘭縣地區,宜蘭縣,頭城,NTC,3級,21.29,8.59,7.52,5.56,0.45,0.38,0.18,https://scweb.cwa.gov.tw/webdata/drawTrace/outcome/2026/2026014/3-NTC.gif
115014,宜蘭縣地區,宜蘭縣,內城,TWE,3級,24.36,12.16,5.64,11.79,0.87,0.32,0.5,https://scweb.cwa.gov.tw/webdata/drawTrace/outcome/2026/2026014/3-TWE.gif
115014,宜蘭縣地區,宜蘭縣,牛鬥,ENT,3級,35.36,5.16,16.29,5.05,0.2,0.54,0.21,https://scweb.cwa.gov.tw/webdata/drawTrace/outcome/2026/2026014/3-ENT.gif
115014,宜蘭縣地區,宜蘭縣,南山,NNS,3級,60.85,9.42,8.19,3.15,0.47,0.38,0.2,https://scweb.cwa.gov.tw/webdata/drawTrace/outcome/2026/2026014/3-NNS.gif
115014,宜蘭縣地區,宜蘭縣,大同,NDT,2級,42.11,4.96,3.95,3.18,0.2,0.15,0.13,https://scweb.cwa.gov.tw/webdata/drawTrace/outcome/2026/2026014/2-NDT.gif
115014,宜蘭縣地區,宜蘭縣,龜山島,EGS,1級,18.21,1.09,0.94,0.94,0.06,0.06,0.07,https://scweb.cwa.gov.tw/webdata/drawTrace/outcome/2026/2026014/1-EGS.gif
115014,嘉義市地區,嘉義市,嘉義市,CHY,2級,200.29,2.83,2.8,0.9,0.18,0.15,0.04,https://scweb.cwa.gov.tw/webdata/drawTrace/outcome/2026/2026014/2-CHY.gif
115013,高雄市地區,高雄市,桃源,STYH,1級,59.55,1.27,1.03,1.13,0.02,0.02,0.02,https://scweb.cwa.gov.tw/webdata/drawTrace/outcome/2026/2026013/1-STYH.gif
115013,雲林縣地區,雲林縣,草嶺,CHN5,1級,88.56,0.91,0.66,0.27,0.05,0.04,0.01,https://scweb.cwa.gov.tw/webdata/drawTrace/outcome/2026/2026013/1-CHN5.gif
115013,雲林縣地區,雲林縣,斗六市,WDL,1級,107.74,0.92,0.34,0.26,0.05,0.03,0.01,https://scweb.cwa.gov.tw/webdata/drawTrace/outcome/2026/2026013/1-WDL.gif
115013,花蓮縣地區,花蓮縣,富里,FULB,2級,12.47,4.38,4.25,5.89,0.17,0.11,0.06,https://scweb.cwa.gov.tw/webdata/drawTrace/outcome/2026/2026013/2-FULB.gif
115013,花蓮縣地區,花蓮縣,玉里,EYUL,1級,27.42,1.05,2.05,2.19,0.04,0.05,0.05,https://scweb.cwa.gov.tw/webdata/drawTrace/outcome/2026/2026013/1-EYUL.gif
115013,臺東縣地區,臺東縣,成功,CHK,3級,1.76,20.52,17.85,5.73,0.37,0.26,0.09,https://scweb.cwa.gov.tw/webdata/drawTrace/outcome/2026/2026013/3-CHK.gif
115013,臺東縣地區,臺東縣,池上,ECS,3級,14.1,7.36,7.63,5.79,0.24,0.28,0.11,https://scweb.cwa.gov.tw/webdata/drawTrace/outcome/2026/2026013/3-ECS.gif
115013,臺東縣地區,臺東縣,東河,EDH,2級,15.4,6.59,6.16,2.83,0.12,0.18,0.06,https://scweb.cwa.gov.tw/webdata/drawTrace/outcome/2026/2026013/2-EDH.gif
115013,臺東縣地區,臺東縣,海端,EHD,2級,16.25,3.02,3.12,3.68,0.11,0.1,0.08,https://scweb.cwa.gov.tw/webdata/drawTrace/outcome/2026/2026013/2-EHD.gif
115013,臺東縣地區,臺東縣,長濱,ECB,1級,25.63,1.32,1.8,0.9,0.04,0.04,0.02,https://scweb.cwa.gov.tw/webdata/drawTrace/outcome/2026/2026013/1-ECB.gif
115013,臺東縣地區,臺東縣,鹿野,LONT,1級,31.8,0.62,0.77,0.72,0.03,0.03,0.02,https://scweb.cwa.gov.tw/webdata/drawTrace/outcome/2026/2026013/1-LONT.gif
115013,臺東縣地區,臺東縣,利稻,ELD,1級,35.22,1.73,2.03,1.63,0.04,0.03,0.03,https://scweb.cwa.gov.tw/webdata/drawTrace/outcome/2026/2026013/1-ELD.gif
115012,南投縣地區,南投縣,南投市,WNT1,1級,45.86,0.93,0.68,0.56,0.03,0.03,0.02,https://scweb.cwa.gov.tw/webdata/drawTrace/outcome/2026/2026012/1-WNT1.gif
115012,南投縣地區,南投縣,信義鄉,WHY,1級,74.94,0.95,0.57,0.19,0.04,0.02,0.01,https://scweb.cwa.gov.tw/webdata/drawTrace/outcome/2026/2026012/1-WHY.gif
115012,彰化縣地區,彰化縣,彰化市,WCHH,3級,23.24,12.93,9.56,3.71,0.24,0.24,0.09,https://scweb.cwa.gov.tw/webdata/drawTrace/outcome/2026/2026012/3-WCHH.gif
115012,彰化縣地區,彰化縣,鹿港,B112,2級,24.36,4.11,1.67,2.33,0.13,0.04,0.03,https://scweb.cwa.gov.tw/webdata/drawTrace/outcome/2026/2026012/2-B112.gif
115012,彰化縣地區,彰化縣,員林,WYL,2級,36.38,4.66,3.23,2.97,0.12,0.07,0.07,https://scweb.cwa.gov.tw/webdata/drawTrace/outcome/2026/2026012/2-WYL.gif
115012,彰化縣地區,彰化縣,二林,WRL,1級,42.0,1.83,1.43,2.08,0.06,0.04,0.03,https://scweb.cwa.gov.tw/webdata/drawTrace/outcome/2026/2026012/1-WRL.gif
115012,彰化縣地區,彰化縣,大城,WTC,1級,49.03,0.99,1.17,0.52,0.02,0.04,0.01,https://scweb.cwa.gov.tw/webdata/drawTrace/outcome/2026/2026012/1-WTC.gif
115012,雲林縣地區,雲林縣,西螺,C092,1級,53.63,0.85,0.97,0.44,0.05,0.04,0.01,https://scweb.cwa.gov.tw/webdata/drawTrace/outcome/2026/2026012/1-C092.gif
115012,雲林縣地區,雲林縣,四湖,WSF,1級,74.59,1.17,0.63,0.44,0.04,0.02,0.01,https://scweb.cwa.gov.tw/webdata/drawTrace/outcome/2026/2026012/1-WSF.gif
115012,雲林縣地區,雲林縣,斗六市,WDL,1級,62.22,0.93,1.22,0.63,0.05,0.07,0.06,https://scweb.cwa.gov.tw/webdata/drawTrace/outcome/2026/2026012/1-WDL.gif
115012,雲林縣地區,雲林縣,水林,WSL,1級,86.68,0.76,0.78,0.38,0.04,0.02,0.01,https://scweb.cwa.gov.tw/webdata/drawTrace/outcome/2026/2026012/1-WSL.gif
115012,臺中市地區,臺中市,梧棲,WWC,3級,5.85,10.59,4.81,14.39,0.32,0.17,0.11,https://scweb.cwa.gov.tw/webdata/drawTrace/outcome/2026/2026012/3-WWC.gif
115012,臺中市地區,臺中市,大甲,WDJ,2級,19.38,3.41,2.21,1.55,0.12,0.05,0.02,https://scweb.cwa.gov.tw/webdata/drawTrace/outcome/2026/2026012/2-WDJ.gif
115012,臺中市地區,臺中市,臺中市,TCU,1級,26.02,0.99,1.04,1.89,0.02,0.03,0.03,https://scweb.cwa.gov.tw/webdata/drawTrace/outcome/2026/2026012/1-TCU.gif
115012,臺中市地區,臺中市,霧峰,B219,1級,34.69,1.67,1.01,2.97,0.03,0.03,0.03,https://scweb.cwa.gov.tw/webdata/drawTrace/outcome/2026/2026012/1-B219.gif
115012,苗栗縣地區,苗栗縣,鯉魚潭,TWQ1,1級,32.78,0.6,0.81,0.52,0.03,0.04,0.01,https://scweb.cwa.gov.tw/webdata/drawTrace/outcome/2026/2026012/1-TWQ1.gif
115012,嘉義市地區,嘉義市,嘉義市,CHY,1級,86.14,1.23,0.91,0.32,0.06,0.04,0.01,https://scweb.cwa.gov.tw/webdata/drawTrace/outcome/2026/2026012/1-CHY.gif
115011,屏東縣地區,屏東縣,南灣,SNW,3級,18.74,20.26,17.63,8.27,1.0,1.08,0.39,https://scweb.cwa.gov.tw/webdata/drawTrace/outcome/2026/2026011/3-SNW.gif
115011,屏東縣地區,屏東縣,恆春,HEN,3級,23.54,7.37,7.44,3.03,0.67,0.71,0.23,https://scweb.cwa.gov.tw/webdata/drawTrace/outcome/2026/2026011/3-HEN.gif
115011,屏東縣地區,屏東縣,鵝鑾鼻,SEB,2級,12.62,4.69,5.43,3.41,0.3,0.33,0.18,https://scweb.cwa.gov.tw/webdata/drawTrace/outcome/2026/2026011/2-SEB.gif
115011,屏東縣地區,屏東縣,墾丁,TWK1,2級,15.78,3.76,3.49,3.41,0.18,0.17,0.19,https://scweb.cwa.gov.tw/webdata/drawTrace/outcome/2026/2026011/2-TWK1.gif
115011,屏東縣地區,屏東縣,滿州,SMS,2級,24.92,5.59,3.97,3.32,0.16,0.15,0.08,https://scweb.cwa.gov.tw/webdata/drawTrace/outcome/2026/2026011/2-SMS.gif
115011,屏東縣地區,屏東縣,獅子,SLIU,1級,46.37,,,,,,,
115010,南投縣地區,南投縣,合歡山,WHF,1級,58.6,2.18,1.29,0.67,0.06,0.04,0.01,https://scweb.cwa.gov.tw/webdata/drawTrace/outcome/2026/2026010/1-WHF.gif
115010,桃園市地區,桃園市,三光,NSK,1級,55.62,0.92,1.53,0.41,0.04,0.03,0.01,https://scweb.cwa.gov.tw/webdata/drawTrace/outcome/2026/2026010/1-NSK.gif
115010,新北市地區,新北市,烏來,A124,1級,60.8,0.85,0.56,0.61,0.04,0.02,0.03,https://scweb.cwa.gov.tw/webdata/drawTrace/outcome/2026/2026010/1-A124.gif
115010,新北市地區,新北市,雙溪,TIPB,1級,67.63,0.63,0.82,0.35,0.04,0.04,0.01,https://scweb.cwa.gov.tw/webdata/drawTrace/outcome/2026/2026010/1-TIPB.gif
115010,新北市地區,新北市,五分山,NWF,1級,78.65,1.5,0.98,0.36,0.09,0.08,0.03,https://scweb.cwa.gov.tw/webdata/drawTrace/outcome/2026/2026010/1-NWF.gif
115010,新北市地區,新北市,汐止,NXZ,1級,80.76,1.14,1.34,0.65,0.03,0.03,0.01,https://scweb.cwa.gov.tw/webdata/drawTrace/outcome/2026/2026010/1-NXZ.gif
115010,臺中市地區,臺中市,梨山,FUSS,1級,57.64,0.93,1.24,0.49,0.03,0.04,0.01,https://scweb.cwa.gov.tw/webdata/drawTrace/outcome/2026/2026010/1-FUSS.gif
115010,臺中市地區,臺中市,德基,TWT,1級,65.72,0.8,1.1,0.55,0.03,0.03,0.02,https://scweb.cwa.gov.tw/webdata/drawTrace/outcome/2026/2026010/1-TWT.gif
115010,花蓮縣地區,花蓮縣,和平,EHP,4級,7.72,27.61,17.55,12.09,0.67,0.48,0.22,https://scweb.cwa.gov.tw/webdata/drawTrace/outcome/2026/2026010/4-EHP.gif
115010,花蓮縣地區,花蓮縣,太魯閣,ETL,2級,28.77,9.12,11.22,4.21,0.1,0.21,0.04,https://scweb.cwa.gov.tw/webdata/drawTrace/outcome/2026/2026010/2-ETL.gif
115010,花蓮縣地區,花蓮縣,西寶,ETLH,2級,36.42,5.1,5.93,4.54,0.1,0.11,0.07,https://scweb.cwa.gov.tw/webdata/drawTrace/outcome/2026/2026010/2-ETLH.gif
115010,宜蘭縣地區,宜蘭縣,南澳,ENA,4級,8.53,45.41,53.51,13.34,0.64,0.71,0.16,https://scweb.cwa.gov.tw/webdata/drawTrace/outcome/2026/2026010/4-ENA.gif
115010,宜蘭縣地區,宜蘭縣,冬山,NDS,3級,31.16,5.8,8.27,4.75,0.18,0.22,0.12,https://scweb.cwa.gov.tw/webdata/drawTrace/outcome/2026/2026010/3-NDS.gif
115010,宜蘭縣地區,宜蘭縣,蘇澳,TWC,2級,27.94,8.3,11.52,3.02,0.14,0.18,0.03,https://scweb.cwa.gov.tw/webdata/drawTrace/outcome/2026/2026010/2-TWC.gif
115010,宜蘭縣地區,宜蘭縣,牛鬥,ENT,2級,37.99,4.24,7.88,1.67,0.4,0.17,0.03,https://scweb.cwa.gov.tw/webdata/drawTrace/outcome/2026/2026010/2-ENT.gif
115010,宜蘭縣地區,宜蘭縣,大同,NDT,2級,39.22,3.03,2.55,1.81,0.11,0.08,0.06,https://scweb.cwa.gov.tw/webdata/drawTrace/outcome/2026/2026010/2-NDT.gif
115010,宜蘭縣地區,宜蘭縣,南山,NNS,2級,43.0,4.82,6.92,1.45,0.15,0.23,0.04,https://scweb.cwa.gov.tw/webdata/drawTrace/outcome/2026/2026010/2-NNS.gif
115010,宜蘭縣地區,宜蘭縣,宜蘭市,ILA,2級,44.68,2.42,1.96,2.28,0.11,0.12,0.05,https://scweb.cwa.gov.tw/webdata/drawTrace/outcome/2026/2026010/2-ILA.gif
115010,宜蘭縣地區,宜蘭縣,頭城,NTC,2級,54.53,2.97,1.31,0.95,0.13,0.05,0.03,https://scweb.cwa.gov.tw/webdata/drawTrace/outcome/2026/2026010/2-NTC.gif
115010,宜蘭縣地區,宜蘭縣,內城,TWE,1級,41.07,2.49,1.85,1.25,0.09,0.06,0.04,https://scweb.cwa.gov.tw/webdata/drawTrace/outcome/2026/2026010/1-TWE.gif
115009,南投縣地區,南投縣,合歡山,WHF,1級,54.72,0.99,0.6,0.36,0.03,0.02,0.01,https://scweb.cwa.gov.tw/webdata/drawTrace/outcome/2026/2026009/1-WHF.gif
115009,新北市地區,新北市,五分山,NWF,1級,83.76,0.99,0.96,0.42,0.05,0.07,0.03,https://scweb.cwa.gov.tw/webdata/drawTrace/outcome/2026/2026009/1-NWF.gif
115009,新北市地區,新北市,汐止,NXZ,1級,85.43,2.62,2.01,0.72,0.06,0.05,0.02,https://scweb.cwa.gov.tw/webdata/drawTrace/outcome/2026/2026009/1-NXZ.gif
115009,新北市地區,新北市,萬里,NWR,1級,98.94,0.78,1.14,0.42,0.03,0.05,0.02,https://scweb.cwa.gov.tw/webdata/drawTrace/outcome/2026/2026009/1-NWR.gif
115009,花蓮縣地區,花蓮縣,和平,EHP,3級,2.92,17.92,12.31,14.26,0.29,0.54,0.23,https://scweb.cwa.gov.tw/webdata/drawTrace/outcome/2026/2026009/3-EHP.gif
115009,花蓮縣地區,花蓮縣,太魯閣,ETL,2級,23.5,6.33,5.05,2.03,0.06,0.07,0.02,https://scweb.cwa.gov.tw/webdata/drawTrace/outcome/2026/2026009/2-ETL.gif
115009,花蓮縣地區,花蓮縣,西寶,ETLH,1級,32.35,2.86,3.03,2.63,0.04,0.05,0.03,https://scweb.cwa.gov.tw/webdata/drawTrace/outcome/2026/2026009/1-ETLH.gif
115009,宜蘭縣地區,宜蘭縣,南澳,ENA,3級,12.43,33.01,44.54,9.89,0.43,0.5,0.13,https://scweb.cwa.gov.tw/webdata/drawTrace/outcome/2026/2026009/3-ENA.gif
115009,宜蘭縣地區,宜蘭縣,蘇澳,TWC,2級,33.41,3.77,4.28,1.65,0.09,0.09,0.04,https://scweb.cwa.gov.tw/webdata/drawTrace/outcome/2026/2026009/2-TWC.gif
115009,宜蘭縣地區,宜蘭縣,冬山,NDS,2級,35.72,3.97,5.11,2.76,0.08,0.07,0.05,https://scweb.cwa.gov.tw/webdata/drawTrace/outcome/2026/2026009/2-NDS.gif
115009,宜蘭縣地區,宜蘭縣,牛鬥,ENT,2級,41.14,2.05,3.6,1.45,0.07,0.07,0.02,https://scweb.cwa.gov.tw/webdata/drawTrace/outcome/2026/2026009/2-ENT.gif
115009,宜蘭縣地區,宜蘭縣,南山,NNS,1級,42.3,1.49,2.08,0.43,0.04,0.05,0.01,https://scweb.cwa.gov.tw/webdata/drawTrace/outcome/2026/2026009/1-NNS.gif
115009,宜蘭縣地區,宜蘭縣,內城,TWE,1級,45.53,1.19,1.07,0.87,0.04,0.03,0.02,https://scweb.cwa.gov.tw/webdata/drawTrace/outcome/2026/2026009/1-TWE.gif
115009,宜蘭縣地區,宜蘭縣,宜蘭市,ILA,1級,49.66,2.22,1.87,1.39,0.06,0.06,0.03,https://scweb.cwa.gov.tw/webdata/drawTrace/outcome/2026/2026009/1-ILA.gif
115009,宜蘭縣地區,宜蘭縣,頭城,NTC,1級,59.8,1.36,1.21,0.76,0.05,0.05,0.02,https://scweb.cwa.gov.tw/webdata/drawTrace/outcome/2026/2026009/1-NTC.gif
115008,南投縣地區,南投縣,玉山,YUS,3級,22.93,10.47,9.29,4.13,0.42,0.33,0.15,https://scweb.cwa.gov.tw/webdata/drawTrace/outcome/2026/2026008/3-YUS.gif
115008,南投縣地區,南投縣,信義鄉,WHY,1級,40.11,1.3,1.22,1.41,0.05,0.04,0.04,https://scweb.cwa.gov.tw/webdata/drawTrace/outcome/2026/2026008/1-WHY.gif
115008,高雄市地區,高雄市,桃源,STYH,3級,17.69,9.71,10.9,6.85,0.2,0.3,0.13,https://scweb.cwa.gov.tw/webdata/drawTrace/outcome/2026/2026008/3-STYH.gif
115008,高雄市地區,高雄市,甲仙,SGS,1級,35.96,0.83,0.87,0.71,0.03,0.04,0.03,https://scweb.cwa.gov.tw/webdata/drawTrace/outcome/2026/2026008/1-SGS.gif
115008,高雄市地區,高雄市,路竹,D009,1級,76.05,0.78,0.7,0.28,0.03,0.03,0.01,https://scweb.cwa.gov.tw/webdata/drawTrace/outcome/2026/2026008/1-D009.gif
115008,臺南市地區,臺南市,楠西,CHN1,2級,32.95,2.22,3.24,1.83,0.13,0.16,0.1,https://scweb.cwa.gov.tw/webdata/drawTrace/outcome/2026/2026008/2-CHN1.gif
115008,臺南市地區,臺南市,曾文,SNS,2級,34.07,2.46,3.76,1.57,0.11,0.11,0.05,https://scweb.cwa.gov.tw/webdata/drawTrace/outcome/2026/2026008/2-SNS.gif
115008,臺南市地區,臺南市,白河,C015,2級,39.97,4.03,4.7,3.03,0.14,0.14,0.09,https://scweb.cwa.gov.tw/webdata/drawTrace/outcome/2026/2026008/2-C015.gif
115008,臺南市地區,臺南市,善化,SSH,1級,57.4,1.18,0.99,0.62,0.07,0.05,0.02,https://scweb.cwa.gov.tw/webdata/drawTrace/outcome/2026/2026008/1-SSH.gif
115008,臺南市地區,臺南市,新化,SHH,1級,58.47,1.23,0.94,0.68,0.07,0.07,0.03,https://scweb.cwa.gov.tw/webdata/drawTrace/outcome/2026/2026008/1-SHH.gif
115008,臺南市地區,臺南市,佳里,SCL,1級,64.31,1.35,0.98,0.41,0.06,0.04,0.01,https://scweb.cwa.gov.tw/webdata/drawTrace/outcome/2026/2026008/1-SCL.gif
115008,雲林縣地區,雲林縣,草嶺,CHN5,2級,31.66,2.94,2.59,1.15,0.14,0.11,0.05,https://scweb.cwa.gov.tw/webdata/drawTrace/outcome/2026/2026008/2-CHN5.gif
115008,雲林縣地區,雲林縣,斗六市,WDL,1級,49.95,1.47,1.78,0.83,0.07,0.07,0.04,https://scweb.cwa.gov.tw/webdata/drawTrace/outcome/2026/2026008/1-WDL.gif
115008,雲林縣地區,雲林縣,土庫,WTK,1級,57.6,1.05,1.85,2.07,0.09,0.07,0.02,https://scweb.cwa.gov.tw/webdata/drawTrace/outcome/2026/2026008/1-WTK.gif
115008,雲林縣地區,雲林縣,古坑,C168,1級,41.83,1.26,1.67,0.47,0.05,0.08,0.03,https://scweb.cwa.gov.tw/webdata/drawTrace/outcome/2026/2026008/1-C168.gif
115008,雲林縣地區,雲林縣,西螺,C092,1級,59.74,0.5,0.86,0.74,0.03,0.04,0.01,https://scweb.cwa.gov.tw/webdata/drawTrace/outcome/2026/2026008/1-C092.gif
115008,雲林縣地區,雲林縣,水林,WSL,1級,62.46,1.07,1.06,0.37,0.03,0.03,0.01,https://scweb.cwa.gov.tw/webdata/drawTrace/outcome/2026/2026008/1-WSL.gif
115008,雲林縣地區,雲林縣,四湖,WSF,1級,67.47,0.72,1.34,0.5,0.03,0.06,0.02,https://scweb.cwa.gov.tw/webdata/drawTrace/outcome/2026/2026008/1-WSF.gif
115008,雲林縣地區,雲林縣,麥寮,WML,1級,78.82,0.8,0.98,0.7,0.03,0.05,0.02,https://scweb.cwa.gov.tw/webdata/drawTrace/outcome/2026/2026008/1-WML.gif
115008,花蓮縣地區,花蓮縣,紅葉,EHY,1級,56.73,0.98,1.04,0.44,0.03,0.03,0.02,https://scweb.cwa.gov.tw/webdata/drawTrace/outcome/2026/2026008/1-EHY.gif
115008,花蓮縣地區,花蓮縣,光復,EGFH,1級,73.45,0.46,0.78,0.32,0.02,0.03,0.01,https://scweb.cwa.gov.tw/webdata/drawTrace/outcome/2026/2026008/1-EGFH.gif
115008,臺東縣地區,臺東縣,利稻,ELD,1級,28.01,2.11,2.24,2.07,0.05,0.04,0.05,https://scweb.cwa.gov.tw/webdata/drawTrace/outcome/2026/2026008/1-ELD.gif
115008,彰化縣地區,彰化縣,員林,WYL,1級,72.85,0.95,0.55,0.79,0.04,0.03,0.03,https://scweb.cwa.gov.tw/webdata/drawTrace/outcome/2026/2026008/1-WYL.gif
115008,彰化縣地區,彰化縣,二林,WRL,1級,76.36,0.88,0.92,0.74,0.03,0.04,0.02,https://scweb.cwa.gov.tw/webdata/drawTrace/outcome/2026/2026008/1-WRL.gif
115008,彰化縣地區,彰化縣,大城,WTC,1級,78.45,,,,,,,
115008,彰化縣地區,彰化縣,彰化市,WCHH,1級,86.09,0.94,0.82,0.53,0.04,0.03,0.02,https://scweb.cwa.gov.tw/webdata/drawTrace/outcome/2026/2026008/1-WCHH.gif
115008,臺中市地區,臺中市,霧峰,B219,1級,78.92,0.86,0.65,0.45,0.03,0.03,0.02,https://scweb.cwa.gov.tw/webdata/drawTrace/outcome/2026/2026008/1-B219.gif
115008,嘉義縣地區,嘉義縣,阿里山,ALS,3級,19.0,7.93,14.16,9.11,0.31,0.56,0.21,https://scweb.cwa.gov.tw/webdata/drawTrace/outcome/2026/2026008/3-ALS.gif
115008,嘉義縣地區,嘉義縣,大埔,WTP,3級,21.38,12.0,9.14,4.48,0.25,0.32,0.13,https://scweb.cwa.gov.tw/webdata/drawTrace/outcome/2026/2026008/3-WTP.gif
115008,嘉義縣地區,嘉義縣,番路,WCKO,3級,23.35,8.81,7.77,3.4,0.27,0.19,0.08,https://scweb.cwa.gov.tw/webdata/drawTrace/outcome/2026/2026008/3-WCKO.gif
115008,嘉義縣地區,嘉義縣,民雄,CHN2,1級,40.09,1.71,1.5,1.21,0.07,0.09,0.04,https://scweb.cwa.gov.tw/webdata/drawTrace/outcome/2026/2026008/1-CHN2.gif
115008,嘉義縣地區,嘉義縣,太保市,CHY1,1級,53.9,0.97,1.43,0.67,0.04,0.04,0.03,https://scweb.cwa.gov.tw/webdata/drawTrace/outcome/2026/2026008/1-CHY1.gif
115008,嘉義縣地區,嘉義縣,義竹,CHN8,1級,59.55,1.19,0.74,0.46,0.04,0.04,0.02,https://scweb.cwa.gov.tw/webdata/drawTrace/outcome/2026/2026008/1-CHN8.gif
115008,嘉義市地區,嘉義市,嘉義市,CHY,1級,41.93,1.28,1.39,0.51,0.06,0.05,0.02,https://scweb.cwa.gov.tw/webdata/drawTrace/outcome/2026/2026008/1-CHY.gif
115007,南投縣地區,南投縣,合歡山,WHF,2級,58.58,4.55,4.73,1.34,0.18,0.19,0.07,https://scweb.cwa.gov.tw/webdata/drawTrace/outcome/2026/2026007/2-WHF.gif
115007,南投縣地區,南投縣,奧萬大,OWD,1級,76.77,1.07,1.09,0.71,0.04,0.03,0.02,https://scweb.cwa.gov.tw/webdata/drawTrace/outcome/2026/2026007/1-OWD.gif
115007,臺北市地區,臺北市,信義區,NHY,2級,83.33,,,,,,,
115007,臺北市地區,臺北市,臺北市,TAP,1級,84.83,0.75,1.73,1.35,0.08,0.09,0.07,https://scweb.cwa.gov.tw/webdata/drawTrace/outcome/2026/2026007/1-TAP.gif
115007,臺北市地區,臺北市,陽明山,ANP,1級,99.57,0.75,0.98,0.31,0.05,0.09,0.03,https://scweb.cwa.gov.tw/webdata/drawTrace/outcome/2026/2026007/1-ANP.gif
115007,雲林縣地區,雲林縣,草嶺,CHN5,1級,141.09,0.86,0.64,0.25,0.07,0.04,0.02,https://scweb.cwa.gov.tw/webdata/drawTrace/outcome/2026/2026007/1-CHN5.gif
115007,新北市地區,新北市,新店,NHDH,2級,76.37,2.82,1.99,1.21,0.12,0.09,0.04,https://scweb.cwa.gov.tw/webdata/drawTrace/outcome/2026/2026007/2-NHDH.gif
115007,新北市地區,新北市,五分山,NWF,2級,83.03,6.08,2.77,2.61,0.3,0.2,0.11,https://scweb.cwa.gov.tw/webdata/drawTrace/outcome/2026/2026007/2-NWF.gif
115007,新北市地區,新北市,新北市,A024,2級,84.46,2.21,2.44,2.42,0.13,0.12,0.1,https://scweb.cwa.gov.tw/webdata/drawTrace/outcome/2026/2026007/2-A024.gif
115007,新北市地區,新北市,汐止,NXZ,2級,85.35,5.61,4.86,1.84,0.19,0.18,0.05,https://scweb.cwa.gov.tw/webdata/drawTrace/outcome/2026/2026007/2-NXZ.gif
115007,新北市地區,新北市,萬里,NWR,2級,98.68,2.58,3.17,0.62,0.13,0.17,0.06,https://scweb.cwa.gov.tw/webdata/drawTrace/outcome/2026/2026007/2-NWR.gif
115007,新北市地區,新北市,烏來,A124,1級,65.47,2.25,2.09,1.26,0.06,0.05,0.04,https://scweb.cwa.gov.tw/webdata/drawTrace/outcome/2026/2026007/1-A124.gif
115007,新北市地區,新北市,雙溪,TIPB,1級,71.91,0.91,1.07,0.57,0.04,0.04,0.02,https://scweb.cwa.gov.tw/webdata/drawTrace/outcome/2026/2026007/1-TIPB.gif
115007,新北市地區,新北市,三貂角,TWB1,1級,77.99,1.12,1.1,0.45,0.03,0.03,0.02,https://scweb.cwa.gov.tw/webdata/drawTrace/outcome/2026/2026007/1-TWB1.gif
115007,新北市地區,新北市,三峽,NSX,1級,81.52,0.88,0.86,0.55,0.05,0.05,0.04,https://scweb.cwa.gov.tw/webdata/drawTrace/outcome/2026/2026007/1-NSX.gif
115007,新北市地區,新北市,五股,TWS1,1級,94.91,1.45,1.6,0.81,0.08,0.11,0.04,https://scweb.cwa.gov.tw/webdata/drawTrace/outcome/2026/2026007/1-TWS1.gif
115007,新北市地區,新北市,淡水,NTS,1級,100.31,2.13,2.53,0.96,0.13,0.15,0.05,https://scweb.cwa.gov.tw/webdata/drawTrace/outcome/2026/2026007/1-NTS.gif
115007,新北市地區,新北市,石門,NSM,1級,109.37,1.01,1.14,0.99,0.07,0.08,0.06,https://scweb.cwa.gov.tw/webdata/drawTrace/outcome/2026/2026007/1-NSM.gif
115007,花蓮縣地區,花蓮縣,和平,EHP,4級,6.81,100.44,37.05,35.98,3.45,1.82,0.73,https://scweb.cwa.gov.tw/webdata/drawTrace/outcome/2026/2026007/4-EHP.gif
115007,花蓮縣地區,花蓮縣,太魯閣,ETL,3級,26.74,13.05,19.79,5.36,0.19,0.37,0.08,https://scweb.cwa.gov.tw/webdata/drawTrace/outcome/2026/2026007/3-ETL.gif
115007,花蓮縣地區,花蓮縣,西寶,ETLH,3級,36.2,8.87,9.99,10.18,0.27,0.3,0.22,https://scweb.cwa.gov.tw/webdata/drawTrace/outcome/2026/2026007/3-ETLH.gif
115007,花蓮縣地區,花蓮縣,秀林,TWD,1級,34.36,1.19,1.34,1.89,0.04,0.03,0.05,https://scweb.cwa.gov.tw/webdata/drawTrace/outcome/2026/2026007/1-TWD.gif
115007,花蓮縣地區,花蓮縣,花蓮市,HWA,1級,43.76,1.98,1.9,0.74,0.12,0.1,0.04,https://scweb.cwa.gov.tw/webdata/drawTrace/outcome/2026/2026007/1-HWA.gif
115007,花蓮縣地區,花蓮縣,鹽寮,EYL,1級,51.43,1.88,1.52,1.03,0.11,0.06,0.04,https://scweb.cwa.gov.tw/webdata/drawTrace/outcome/2026/2026007/1-EYL.gif
115007,花蓮縣地區,花蓮縣,銅門,ETM,1級,51.46,1.92,2.3,2.02,0.04,0.06,0.04,https://scweb.cwa.gov.tw/webdata/drawTrace/outcome/2026/2026007/1-ETM.gif
115007,花蓮縣地區,花蓮縣,水璉,SHUL,1級,64.8,1.41,1.2,0.52,0.07,0.08,0.03,https://scweb.cwa.gov.tw/webdata/drawTrace/outcome/2026/2026007/1-SHUL.gif
115007,苗栗縣地區,苗栗縣,南庄,NST,1級,88.43,1.06,0.58,0.48,0.07,0.04,0.03,https://scweb.cwa.gov.tw/webdata/drawTrace/outcome/2026/2026007/1-NST.gif
115007,苗栗縣地區,苗栗縣,泰安,H176,1級,90.01,0.87,1.05,0.67,0.04,0.07,0.04,https://scweb.cwa.gov.tw/webdata/drawTrace/outcome/2026/2026007/1-H176.gif
115007,苗栗縣地區,苗栗縣,竹南,NJN,1級,103.67,0.93,0.95,0.4,0.04,0.05,0.02,https://scweb.cwa.gov.tw/webdata/drawTrace/outcome/2026/2026007/1-NJN.gif
115007,苗栗縣地區,苗栗縣,後龍,B222,1級,105.91,1.04,1.29,0.76,0.07,0.07,0.03,https://scweb.cwa.gov.tw/webdata/drawTrace/outcome/2026/2026007/1-B222.gif
115007,彰化縣地區,彰化縣,彰化市,WCHH,1級,130.46,1.5,0.76,0.52,0.09,0.05,0.03,https://scweb.cwa.gov.tw/webdata/drawTrace/outcome/2026/2026007/1-WCHH.gif
115007,彰化縣地區,彰化縣,員林,WYL,1級,131.79,1.06,0.79,0.64,0.08,0.06,0.04,https://scweb.cwa.gov.tw/webdata/drawTrace/outcome/2026/2026007/1-WYL.gif
115007,彰化縣地區,彰化縣,二林,WRL,1級,153.32,0.85,0.94,0.59,0.05,0.06,0.01,https://scweb.cwa.gov.tw/webdata/drawTrace/outcome/2026/2026007/1-WRL.gif
115007,桃園市地區,桃園市,三光,NSK,1級,59.72,2.32,2.23,0.86,0.06,0.07,0.03,https://scweb.cwa.gov.tw/webdata/drawTrace/outcome/2026/2026007/1-NSK.gif
115007,桃園市地區,桃園市,大溪,B011,1級,82.0,1.18,0.88,0.48,0.07,0.05,0.03,https://scweb.cwa.gov.tw/webdata/drawTrace/outcome/2026/2026007/1-B011.gif
115007,桃園市地區,桃園市,中壢,NCU,1級,95.55,0.56,0.91,0.58,0.04,0.07,0.03,https://scweb.cwa.gov.tw/webdata/drawTrace/outcome/2026/2026007/1-NCU.gif
115007,桃園市地區,桃園市,新屋,NHW,1級,108.46,1.05,1.23,0.36,0.07,0.06,0.02,https://scweb.cwa.gov.tw/webdata/drawTrace/outcome/2026/2026007/1-NHW.gif
115007,桃園市地區,桃園市,桃園市,NTY,1級,91.43,2.49,2.44,0.87,0.11,0.08,0.03,https://scweb.cwa.gov.tw/webdata/drawTrace/outcome/2026/2026007/1-NTY.gif
115007,新竹縣地區,新竹縣,五峰,NFF,1級,78.45,1.25,1.29,0.71,0.07,0.07,0.05,https://scweb.cwa.gov.tw/webdata/drawTrace/outcome/2026/2026007/1-NFF.gif
115007,新竹縣地區,新竹縣,關西,KSHI,1級,81.98,1.7,1.87,0.98,0.08,0.08,0.04,https://scweb.cwa.gov.tw/webdata/drawTrace/outcome/2026/2026007/1-KSHI.gif
115007,新竹縣地區,新竹縣,竹東,NJD,1級,86.63,1.37,1.44,0.63,0.07,0.07,0.03,https://scweb.cwa.gov.tw/webdata/drawTrace/outcome/2026/2026007/1-NJD.gif
115007,新竹縣地區,新竹縣,竹北市,HSN,1級,98.48,0.77,1.26,0.49,0.04,0.06,0.03,https://scweb.cwa.gov.tw/webdata/drawTrace/outcome/2026/2026007/1-HSN.gif
115007,臺中市地區,臺中市,德基,TWT,2級,66.77,2.46,3.56,1.24,0.1,0.2,0.04,https://scweb.cwa.gov.tw/webdata/drawTrace/outcome/2026/2026007/2-TWT.gif
115007,臺中市地區,臺中市,烏石坑,WHP,2級,88.33,1.99,2.26,1.28,0.12,0.09,0.1,https://scweb.cwa.gov.tw/webdata/drawTrace/outcome/2026/2026007/2-WHP.gif
115007,臺中市地區,臺中市,梨山,FUSS,1級,58.56,2.38,2.39,1.11,0.08,0.11,0.05,https://scweb.cwa.gov.tw/webdata/drawTrace/outcome/2026/2026007/1-FUSS.gif
115007,臺中市地區,臺中市,霧峰,B219,1級,117.52,1.25,1.23,0.8,0.07,0.1,0.05,https://scweb.cwa.gov.tw/webdata/drawTrace/outcome/2026/2026007/1-B219.gif
115007,臺中市地區,臺中市,梧棲,WWC,1級,131.27,1.34,0.97,0.84,0.09,0.1,0.03,https://scweb.cwa.gov.tw/webdata/drawTrace/outcome/2026/2026007/1-WWC.gif
115007,基隆市地區,基隆市,基隆市,NOU,1級,91.69,1.24,0.81,0.66,0.08,0.04,0.04,https://scweb.cwa.gov.tw/webdata/drawTrace/outcome/2026/2026007/1-NOU.gif
115007,宜蘭縣地區,宜蘭縣,南澳,ENA,4級,13.11,78.81,72.54,24.64,1.17,1.13,0.42,https://scweb.cwa.gov.tw/webdata/drawTrace/outcome/2026/2026007/4-ENA.gif
115007,宜蘭縣地區,宜蘭縣,蘇澳,TWC,3級,31.87,7.57,9.84,5.12,0.27,0.2,0.1,https://scweb.cwa.gov.tw/webdata/drawTrace/outcome/2026/2026007/3-TWC.gif
115007,宜蘭縣地區,宜蘭縣,冬山,NDS,3級,35.8,11.46,9.42,5.9,0.28,0.28,0.15,https://scweb.cwa.gov.tw/webdata/drawTrace/outcome/2026/2026007/3-NDS.gif
115007,宜蘭縣地區,宜蘭縣,牛鬥,ENT,3級,42.52,9.77,11.15,4.2,0.4,0.27,0.09,https://scweb.cwa.gov.tw/webdata/drawTrace/outcome/2026/2026007/3-ENT.gif
115007,宜蘭縣地區,宜蘭縣,大同,NDT,2級,43.48,2.75,2.33,1.81,0.11,0.1,0.04,https://scweb.cwa.gov.tw/webdata/drawTrace/outcome/2026/2026007/2-NDT.gif
115007,宜蘭縣地區,宜蘭縣,內城,TWE,2級,45.72,3.83,3.24,2.61,0.15,0.13,0.08,https://scweb.cwa.gov.tw/webdata/drawTrace/outcome/2026/2026007/2-TWE.gif
115007,宜蘭縣地區,宜蘭縣,宜蘭市,ILA,2級,49.17,4.38,4.89,3.4,0.2,0.22,0.1,https://scweb.cwa.gov.tw/webdata/drawTrace/outcome/2026/2026007/2-ILA.gif
115007,宜蘭縣地區,宜蘭縣,頭城,NTC,2級,58.78,3.51,4.36,1.86,0.17,0.13,0.05,https://scweb.cwa.gov.tw/webdata/drawTrace/outcome/2026/2026007/2-NTC.gif
115007,宜蘭縣地區,宜蘭縣,龜山島,EGS,1級,59.03,1.03,0.81,0.99,0.05,0.04,0.04,https://scweb.cwa.gov.tw/webdata/drawTrace/outcome/2026/2026007/1-EGS.gif
115007,宜蘭縣地區,宜蘭縣,南山,NNS,1級,45.71,,,,,,,
115006,南投縣地區,南投縣,合歡山,WHF,2級,58.86,4.54,6.51,1.89,0.15,0.18,0.05,https://scweb.cwa.gov.tw/webdata/drawTrace/outcome/2026/2026006/2-WHF.gif
115006,南投縣地區,南投縣,奧萬大,OWD,1級,77.06,1.23,1.48,1.16,0.03,0.04,0.02,https://scweb.cwa.gov.tw/webdata/drawTrace/outcome/2026/2026006/1-OWD.gif
115006,南投縣地區,南投縣,埔里,WPL,1級,93.99,0.4,0.65,0.73,0.02,0.03,0.02,https://scweb.cwa.gov.tw/webdata/drawTrace/outcome/2026/2026006/1-WPL.gif
115006,臺北市地區,臺北市,信義區,NHY,1級,83.24,1.66,1.65,2.18,0.07,0.07,0.07,https://scweb.cwa.gov.tw/webdata/drawTrace/outcome/2026/2026006/1-NHY.gif
115006,臺北市地區,臺北市,臺北市,TAP,1級,84.76,0.68,0.76,0.57,0.05,0.05,0.03,https://scweb.cwa.gov.tw/webdata/drawTrace/outcome/2026/2026006/1-TAP.gif
115006,新北市地區,新北市,五分山,NWF,2級,82.87,3.7,2.26,1.11,0.22,0.13,0.06,https://scweb.cwa.gov.tw/webdata/drawTrace/outcome/2026/2026006/2-NWF.gif
115006,新北市地區,新北市,汐止,NXZ,2級,85.23,3.09,3.88,1.16,0.09,0.1,0.03,https://scweb.cwa.gov.tw/webdata/drawTrace/outcome/2026/2026006/2-NXZ.gif
115006,新北市地區,新北市,烏來,A124,1級,65.41,1.98,1.48,0.92,0.05,0.04,0.03,https://scweb.cwa.gov.tw/webdata/drawTrace/outcome/2026/2026006/1-A124.gif
115006,新北市地區,新北市,雙溪,TIPB,1級,71.74,1.25,0.74,0.52,0.04,0.03,0.02,https://scweb.cwa.gov.tw/webdata/drawTrace/outcome/2026/2026006/1-TIPB.gif
115006,新北市地區,新北市,新店,NHDH,1級,76.31,2.02,1.24,0.77,0.08,0.06,0.03,https://scweb.cwa.gov.tw/webdata/drawTrace/outcome/2026/2026006/1-NHDH.gif
115006,新北市地區,新北市,三貂角,TWB1,1級,77.78,0.87,1.1,0.56,0.03,0.03,0.02,https://scweb.cwa.gov.tw/webdata/drawTrace/outcome/2026/2026006/1-TWB1.gif
115006,新北市地區,新北市,新北市,A024,1級,84.41,1.55,1.17,1.33,0.09,0.07,0.05,https://scweb.cwa.gov.tw/webdata/drawTrace/outcome/2026/2026006/1-A024.gif
115006,新北市地區,新北市,五股,TWS1,1級,94.86,0.91,0.78,0.43,0.04,0.04,0.02,https://scweb.cwa.gov.tw/webdata/drawTrace/outcome/2026/2026006/1-TWS1.gif
115006,新北市地區,新北市,萬里,NWR,1級,98.55,1.6,2.35,0.59,0.11,0.12,0.03,https://scweb.cwa.gov.tw/webdata/drawTrace/outcome/2026/2026006/1-NWR.gif
115006,新北市地區,新北市,淡水,NTS,1級,100.25,1.5,1.08,0.53,0.07,0.05,0.02,https://scweb.cwa.gov.tw/webdata/drawTrace/outcome/2026/2026006/1-NTS.gif
115006,新北市地區,新北市,石門,NSM,1級,109.26,0.68,0.78,0.37,0.05,0.04,0.02,https://scweb.cwa.gov.tw/webdata/drawTrace/outcome/2026/2026006/1-NSM.gif
115006,花蓮縣地區,花蓮縣,和平,EHP,4級,7.08,65.23,57.16,38.25,1.64,1.54,0.64,https://scweb.cwa.gov.tw/webdata/drawTrace/outcome/2026/2026006/4-EHP.gif
115006,花蓮縣地區,花蓮縣,太魯閣,ETL,3級,27.03,19.6,24.64,8.76,0.22,0.48,0.1,https://scweb.cwa.gov.tw/webdata/drawTrace/outcome/2026/2026006/3-ETL.gif
115006,花蓮縣地區,花蓮縣,西寶,ETLH,3級,36.48,10.73,14.09,10.66,0.23,0.33,0.24,https://scweb.cwa.gov.tw/webdata/drawTrace/outcome/2026/2026006/3-ETLH.gif
115006,花蓮縣地區,花蓮縣,秀林,TWD,1級,34.64,1.37,1.26,2.17,0.03,0.03,0.04,https://scweb.cwa.gov.tw/webdata/drawTrace/outcome/2026/2026006/1-TWD.gif
115006,花蓮縣地區,花蓮縣,花蓮市,HWA,1級,44.02,,,,,,,
115006,花蓮縣地區,花蓮縣,鹽寮,EYL,1級,51.68,1.63,1.43,0.8,0.09,0.07,0.03,https://scweb.cwa.gov.tw/webdata/drawTrace/outcome/2026/2026006/1-EYL.gif
115006,花蓮縣地區,花蓮縣,銅門,ETM,1級,51.73,1.87,2.53,2.08,0.05,0.06,0.05,https://scweb.cwa.gov.tw/webdata/drawTrace/outcome/2026/2026006/1-ETM.gif
115006,花蓮縣地區,花蓮縣,水璉,SHUL,1級,65.05,1.59,0.84,0.52,0.09,0.05,0.02,https://scweb.cwa.gov.tw/webdata/drawTrace/outcome/2026/2026006/1-SHUL.gif
115006,苗栗縣地區,苗栗縣,南庄,NST,1級,88.58,,,,,,,
115006,苗栗縣地區,苗栗縣,後龍,B222,1級,106.08,1.17,0.88,1.28,0.04,0.04,0.02,https://scweb.cwa.gov.tw/webdata/drawTrace/outcome/2026/2026006/1-B222.gif
115006,彰化縣地區,彰化縣,彰化市,WCHH,1級,130.73,0.82,0.74,0.32,0.05,0.04,0.02,https://scweb.cwa.gov.tw/webdata/drawTrace/outcome/2026/2026006/1-WCHH.gif
115006,桃園市地區,桃園市,三光,NSK,1級,59.79,1.77,2.23,0.77,0.05,0.04,0.02,https://scweb.cwa.gov.tw/webdata/drawTrace/outcome/2026/2026006/1-NSK.gif
115006,桃園市地區,桃園市,桃園市,NTY,1級,91.43,1.55,1.82,0.53,0.08,0.06,0.02,https://scweb.cwa.gov.tw/webdata/drawTrace/outcome/2026/2026006/1-NTY.gif
115006,桃園市地區,桃園市,新屋,NHW,1級,108.52,0.97,0.71,0.21,0.04,0.03,0.01,https://scweb.cwa.gov.tw/webdata/drawTrace/outcome/2026/2026006/1-NHW.gif
115006,新竹縣地區,新竹縣,五峰,NFF,1級,78.59,0.87,0.57,0.61,0.05,0.04,0.03,https://scweb.cwa.gov.tw/webdata/drawTrace/outcome/2026/2026006/1-NFF.gif
115006,新竹縣地區,新竹縣,關西,KSHI,1級,82.07,1.2,0.86,0.52,0.06,0.03,0.03,https://scweb.cwa.gov.tw/webdata/drawTrace/outcome/2026/2026006/1-KSHI.gif
115006,新竹縣地區,新竹縣,竹東,NJD,1級,86.74,1.25,1.35,0.46,0.05,0.04,0.02,https://scweb.cwa.gov.tw/webdata/drawTrace/outcome/2026/2026006/1-NJD.gif
115006,臺中市地區,臺中市,梨山,FUSS,2級,58.82,1.92,2.49,0.83,0.07,0.08,0.03,https://scweb.cwa.gov.tw/webdata/drawTrace/outcome/2026/2026006/2-FUSS.gif
115006,臺中市地區,臺中市,德基,TWT,2級,67.03,2.0,3.29,1.09,0.07,0.17,0.04,https://scweb.cwa.gov.tw/webdata/drawTrace/outcome/2026/2026006/2-TWT.gif
115006,臺中市地區,臺中市,烏石坑,WHP,1級,88.57,1.61,1.23,0.56,0.07,0.06,0.04,https://scweb.cwa.gov.tw/webdata/drawTrace/outcome/2026/2026006/1-WHP.gif
115006,基隆市地區,基隆市,基隆市,NOU,1級,91.54,0.99,0.46,0.42,0.06,0.03,0.02,https://scweb.cwa.gov.tw/webdata/drawTrace/outcome/2026/2026006/1-NOU.gif
115006,宜蘭縣地區,宜蘭縣,南澳,ENA,4級,13.09,75.8,59.6,19.58,0.85,0.72,0.26,https://scweb.cwa.gov.tw/webdata/drawTrace/outcome/2026/2026006/4-ENA.gif
115006,宜蘭縣地區,宜蘭縣,蘇澳,TWC,3級,31.67,6.33,9.95,5.1,0.16,0.22,0.09,https://scweb.cwa.gov.tw/webdata/drawTrace/outcome/2026/2026006/3-TWC.gif
115006,宜蘭縣地區,宜蘭縣,冬山,NDS,2級,35.7,5.22,6.18,4.73,0.19,0.17,0.11,https://scweb.cwa.gov.tw/webdata/drawTrace/outcome/2026/2026006/2-NDS.gif
115006,宜蘭縣地區,宜蘭縣,牛鬥,ENT,2級,42.52,5.76,7.08,3.49,0.33,0.16,0.07,https://scweb.cwa.gov.tw/webdata/drawTrace/outcome/2026/2026006/2-ENT.gif
115006,宜蘭縣地區,宜蘭縣,大同,NDT,2級,43.53,2.59,2.04,1.34,0.08,0.05,0.04,https://scweb.cwa.gov.tw/webdata/drawTrace/outcome/2026/2026006/2-NDT.gif
115006,宜蘭縣地區,宜蘭縣,內城,TWE,2級,45.63,3.15,2.19,1.36,0.12,0.09,0.04,https://scweb.cwa.gov.tw/webdata/drawTrace/outcome/2026/2026006/2-TWE.gif
115006,宜蘭縣地區,宜蘭縣,宜蘭市,ILA,2級,49.03,3.08,2.54,2.75,0.15,0.13,0.08,https://scweb.cwa.gov.tw/webdata/drawTrace/outcome/2026/2026006/2-ILA.gif
115006,宜蘭縣地區,宜蘭縣,頭城,NTC,2級,58.61,2.62,3.41,1.53,0.12,0.15,0.04,https://scweb.cwa.gov.tw/webdata/drawTrace/outcome/2026/2026006/2-NTC.gif
115006,宜蘭縣地區,宜蘭縣,南山,NNS,2級,45.89,,,,,,,
115006,宜蘭縣地區,宜蘭縣,龜山島,EGS,1級,58.82,1.09,1.21,0.81,0.04,0.04,0.03,https://scweb.cwa.gov.tw/webdata/drawTrace/outcome/2026/2026006/1-EGS.gif
115005,南投縣地區,南投縣,合歡山,WHF,1級,74.61,2.46,1.63,0.67,0.08,0.05,0.02,https://scweb.cwa.gov.tw/webdata/drawTrace/outcome/2026/2026005/1-WHF.gif
115005,臺北市地區,臺北市,信義區,NHY,1級,76.15,1.42,0.98,1.58,0.03,0.06,0.04,https://scweb.cwa.gov.tw/webdata/drawTrace/outcome/2026/2026005/1-NHY.gif
115005,新北市地區,新北市,汐止,NXZ,2級,76.59,2.53,2.27,0.89,0.06,0.06,0.02,https://scweb.cwa.gov.tw/webdata/drawTrace/outcome/2026/2026005/2-NXZ.gif
115005,新北市地區,新北市,烏來,A124,1級,60.71,1.22,1.29,0.85,0.04,0.06,0.04,https://scweb.cwa.gov.tw/webdata/drawTrace/outcome/2026/2026005/1-A124.gif
115005,新北市地區,新北市,新店,NHDH,1級,70.9,1.02,0.96,1.83,0.05,0.04,0.03,https://scweb.cwa.gov.tw/webdata/drawTrace/outcome/2026/2026005/1-NHDH.gif
115005,新北市地區,新北市,新北市,A024,1級,79.24,1.11,1.37,1.36,0.07,0.06,0.06,https://scweb.cwa.gov.tw/webdata/drawTrace/outcome/2026/2026005/1-A024.gif
115005,新北市地區,新北市,五股,TWS1,1級,89.67,0.64,0.73,0.61,0.02,0.02,0.02,https://scweb.cwa.gov.tw/webdata/drawTrace/outcome/2026/2026005/1-TWS1.gif
115005,新北市地區,新北市,五分山,NWF,1級,71.76,1.98,1.29,0.9,0.12,0.1,0.04,https://scweb.cwa.gov.tw/webdata/drawTrace/outcome/2026/2026005/1-NWF.gif
115005,新北市地區,新北市,萬里,NWR,1級,88.96,0.64,0.78,0.24,0.03,0.04,0.01,https://scweb.cwa.gov.tw/webdata/drawTrace/outcome/2026/2026005/1-NWR.gif
115005,桃園市地區,桃園市,三光,NSK,1級,62.92,1.58,2.28,0.62,0.04,0.05,0.02,https://scweb.cwa.gov.tw/webdata/drawTrace/outcome/2026/2026005/1-NSK.gif
115005,桃園市地區,桃園市,大溪,B011,1級,81.9,0.65,0.91,0.46,0.03,0.04,0.02,https://scweb.cwa.gov.tw/webdata/drawTrace/outcome/2026/2026005/1-B011.gif
115005,桃園市地區,桃園市,桃園市,NTY,1級,89.36,0.96,0.86,0.7,0.03,0.03,0.01,https://scweb.cwa.gov.tw/webdata/drawTrace/outcome/2026/2026005/1-NTY.gif
115005,桃園市地區,桃園市,新屋,NHW,1級,109.41,0.98,0.97,0.23,0.05,0.04,0.01,https://scweb.cwa.gov.tw/webdata/drawTrace/outcome/2026/2026005/1-NHW.gif
115005,新竹縣地區,新竹縣,五峰,NFF,1級,85.24,0.75,0.96,0.57,0.03,0.06,0.03,https://scweb.cwa.gov.tw/webdata/drawTrace/outcome/2026/2026005/1-NFF.gif
115005,新竹縣地區,新竹縣,關西,KSHI,1級,85.31,1.11,0.92,0.4,0.04,0.05,0.02,https://scweb.cwa.gov.tw/webdata/drawTrace/outcome/2026/2026005/1-KSHI.gif
115005,新竹縣地區,新竹縣,竹東,NJD,1級,91.59,1.59,1.83,0.47,0.07,0.06,0.03,https://scweb.cwa.gov.tw/webdata/drawTrace/outcome/2026/2026005/1-NJD.gif
115005,臺中市地區,臺中市,梨山,FUSS,1級,73.06,1.12,1.5,0.67,0.03,0.04,0.02,https://scweb.cwa.gov.tw/webdata/drawTrace/outcome/2026/2026005/1-FUSS.gif
115005,臺中市地區,臺中市,德基,TWT,1級,80.98,1.1,1.43,0.64,0.04,0.04,0.02,https://scweb.cwa.gov.tw/webdata/drawTrace/outcome/2026/2026005/1-TWT.gif
115005,花蓮縣地區,花蓮縣,和平,EHP,3級,23.55,16.33,14.2,12.76,0.29,0.36,0.23,https://scweb.cwa.gov.tw/webdata/drawTrace/outcome/2026/2026005/3-EHP.gif
115005,花蓮縣地區,花蓮縣,太魯閣,ETL,2級,44.25,12.14,7.28,2.97,0.16,0.14,0.05,https://scweb.cwa.gov.tw/webdata/drawTrace/outcome/2026/2026005/2-ETL.gif
115005,花蓮縣地區,花蓮縣,西寶,ETLH,2級,52.52,5.07,7.16,5.75,0.12,0.14,0.13,https://scweb.cwa.gov.tw/webdata/drawTrace/outcome/2026/2026005/2-ETLH.gif
115005,花蓮縣地區,花蓮縣,花蓮市,HWA,1級,60.86,0.74,0.85,0.36,0.03,0.03,0.01,https://scweb.cwa.gov.tw/webdata/drawTrace/outcome/2026/2026005/1-HWA.gif
115005,花蓮縣地區,花蓮縣,鹽寮,EYL,1級,68.32,0.93,0.63,0.32,0.07,0.03,0.02,https://scweb.cwa.gov.tw/webdata/drawTrace/outcome/2026/2026005/1-EYL.gif
115005,宜蘭縣地區,宜蘭縣,南澳,ENA,4級,18.65,128.24,115.84,40.83,2.19,1.38,0.54,https://scweb.cwa.gov.tw/webdata/drawTrace/outcome/2026/2026005/4-ENA.gif
115005,宜蘭縣地區,宜蘭縣,蘇澳,TWC,3級,20.09,14.74,14.27,8.85,0.24,0.36,0.09,https://scweb.cwa.gov.tw/webdata/drawTrace/outcome/2026/2026005/3-TWC.gif
115005,宜蘭縣地區,宜蘭縣,牛鬥,ENT,3級,42.47,4.54,8.71,3.8,0.11,0.25,0.1,https://scweb.cwa.gov.tw/webdata/drawTrace/outcome/2026/2026005/3-ENT.gif
115005,宜蘭縣地區,宜蘭縣,冬山,NDS,2級,30.69,5.75,6.79,4.6,0.23,0.2,0.15,https://scweb.cwa.gov.tw/webdata/drawTrace/outcome/2026/2026005/2-NDS.gif
115005,宜蘭縣地區,宜蘭縣,宜蘭市,ILA,2級,40.12,2.28,3.54,1.82,0.1,0.14,0.06,https://scweb.cwa.gov.tw/webdata/drawTrace/outcome/2026/2026005/2-ILA.gif
115005,宜蘭縣地區,宜蘭縣,大同,NDT,2級,46.19,4.98,6.78,2.95,0.17,0.23,0.1,https://scweb.cwa.gov.tw/webdata/drawTrace/outcome/2026/2026005/2-NDT.gif
115005,宜蘭縣地區,宜蘭縣,頭城,NTC,2級,47.07,2.9,3.28,1.67,0.11,0.12,0.03,https://scweb.cwa.gov.tw/webdata/drawTrace/outcome/2026/2026005/2-NTC.gif
115005,宜蘭縣地區,宜蘭縣,內城,TWE,1級,39.91,2.23,2.07,1.24,0.09,0.06,0.03,https://scweb.cwa.gov.tw/webdata/drawTrace/outcome/2026/2026005/1-TWE.gif
115004,高雄市地區,高雄市,旗山,SCS,2級,39.32,2.3,2.7,1.83,0.09,0.09,0.08,https://scweb.cwa.gov.tw/webdata/drawTrace/outcome/2026/2026004/2-SCS.gif
115004,高雄市地區,高雄市,六龜,SLG,1級,38.65,0.89,1.02,0.98,0.03,0.04,0.02,https://scweb.cwa.gov.tw/webdata/drawTrace/outcome/2026/2026004/1-SLG.gif
115004,高雄市地區,高雄市,楠梓,KAUH,1級,50.77,0.87,0.62,0.67,0.03,0.03,0.01,https://scweb.cwa.gov.tw/webdata/drawTrace/outcome/2026/2026004/1-KAUH.gif
115004,高雄市地區,高雄市,路竹,D009,1級,59.25,0.86,0.92,0.58,0.02,0.03,0.01,https://scweb.cwa.gov.tw/webdata/drawTrace/outcome/2026/2026004/1-D009.gif
115004,高雄市地區,高雄市,高雄市,D106,1級,50.72,1.03,1.12,1.05,0.02,0.03,0.02,https://scweb.cwa.gov.tw/webdata/drawTrace/outcome/2026/2026004/1-D106.gif
115004,臺南市地區,臺南市,臺南市,TAI,2級,70.76,1.59,3.72,2.1,0.06,0.12,0.06,https://scweb.cwa.gov.tw/webdata/drawTrace/outcome/2026/2026004/2-TAI.gif
115004,臺南市地區,臺南市,善化,SSH,2級,73.41,0.96,2.71,0.92,0.03,0.06,0.02,https://scweb.cwa.gov.tw/webdata/drawTrace/outcome/2026/2026004/2-SSH.gif
115004,臺南市地區,臺南市,新化,SHH,1級,60.38,1.02,0.94,0.6,0.04,0.03,0.02,https://scweb.cwa.gov.tw/webdata/drawTrace/outcome/2026/2026004/1-SHH.gif
115004,臺南市地區,臺南市,楠西,CHN1,1級,63.04,0.66,0.87,0.46,0.02,0.03,0.01,https://scweb.cwa.gov.tw/webdata/drawTrace/outcome/2026/2026004/1-CHN1.gif
115004,臺南市地區,臺南市,永康,TAI1,1級,70.63,1.12,0.82,0.45,0.04,0.03,0.01,https://scweb.cwa.gov.tw/webdata/drawTrace/outcome/2026/2026004/1-TAI1.gif
115004,臺南市地區,臺南市,佳里,SCL,1級,82.79,1.51,1.67,1.06,0.07,0.06,0.02,https://scweb.cwa.gov.tw/webdata/drawTrace/outcome/2026/2026004/1-SCL.gif
115004,臺南市地區,臺南市,白河,C015,1級,84.93,1.53,1.03,1.75,0.05,0.03,0.02,https://scweb.cwa.gov.tw/webdata/drawTrace/outcome/2026/2026004/1-C015.gif
115004,雲林縣地區,雲林縣,水林,WSL,1級,110.83,0.85,0.9,0.46,0.02,0.02,0.01,https://scweb.cwa.gov.tw/webdata/drawTrace/outcome/2026/2026004/1-WSL.gif
115004,雲林縣地區,雲林縣,四湖,WSF,1級,121.59,1.24,1.19,0.73,0.03,0.04,0.02,https://scweb.cwa.gov.tw/webdata/drawTrace/outcome/2026/2026004/1-WSF.gif
115004,嘉義縣地區,嘉義縣,番路,WCKO,1級,86.94,0.74,0.77,0.25,0.03,0.02,0.01,https://scweb.cwa.gov.tw/webdata/drawTrace/outcome/2026/2026004/1-WCKO.gif
115004,嘉義縣地區,嘉義縣,太保市,CHY1,1級,101.09,,,,,,,
115004,屏東縣地區,屏東縣,三地門,SSD,2級,18.37,1.94,2.33,2.97,0.04,0.06,0.07,https://scweb.cwa.gov.tw/webdata/drawTrace/outcome/2026/2026004/2-SSD.gif
115004,屏東縣地區,屏東縣,屏東市,SPT,1級,31.55,0.61,0.92,1.54,0.03,0.05,0.04,https://scweb.cwa.gov.tw/webdata/drawTrace/outcome/2026/2026004/1-SPT.gif
115004,屏東縣地區,屏東縣,九如,SGL,1級,31.71,0.49,0.84,0.62,0.03,0.02,0.03,https://scweb.cwa.gov.tw/webdata/drawTrace/outcome/2026/2026004/1-SGL.gif
115004,屏東縣地區,屏東縣,新埤,SSP,1級,32.29,0.62,0.7,1.79,0.03,0.03,0.03,https://scweb.cwa.gov.tw/webdata/drawTrace/outcome/2026/2026004/1-SSP.gif
115004,屏東縣地區,屏東縣,春日,SCZ,1級,38.44,0.44,0.81,0.13,0.02,0.03,0.0,https://scweb.cwa.gov.tw/webdata/drawTrace/outcome/2026/2026004/1-SCZ.gif
115004,屏東縣地區,屏東縣,滿州,SMS,1級,72.85,1.52,1.88,0.53,0.05,0.08,0.02,https://scweb.cwa.gov.tw/webdata/drawTrace/outcome/2026/2026004/1-SMS.gif
115004,屏東縣地區,屏東縣,恆春,HEN,1級,74.85,0.66,0.83,0.29,0.03,0.03,0.01,https://scweb.cwa.gov.tw/webdata/drawTrace/outcome/2026/2026004/1-HEN.gif
115004,屏東縣地區,屏東縣,南灣,SNW,1級,79.69,1.43,1.79,0.44,0.05,0.06,0.01,https://scweb.cwa.gov.tw/webdata/drawTrace/outcome/2026/2026004/1-SNW.gif
115004,屏東縣地區,屏東縣,獅子,SLIU,1級,51.06,0.98,1.09,0.34,0.03,0.03,0.01,https://scweb.cwa.gov.tw/webdata/drawTrace/outcome/2026/2026004/1-SLIU.gif
115004,臺東縣地區,臺東縣,太麻里,ECL,1級,18.6,1.01,1.12,1.01,0.05,0.05,0.02,https://scweb.cwa.gov.tw/webdata/drawTrace/outcome/2026/2026004/1-ECL.gif
115004,臺東縣地區,臺東縣,綠島,LDU,1級,68.44,0.96,1.53,0.81,0.03,0.04,0.01,https://scweb.cwa.gov.tw/webdata/drawTrace/outcome/2026/2026004/1-LDU.gif
115004,臺東縣地區,臺東縣,蘭嶼,LAY,1級,105.22,1.15,1.24,0.55,0.11,0.03,0.01,https://scweb.cwa.gov.tw/webdata/drawTrace/outcome/2026/2026004/1-LAY.gif
115004,嘉義市地區,嘉義市,嘉義市,CHY,1級,98.54,0.97,0.83,0.33,0.04,0.03,0.01,https://scweb.cwa.gov.tw/webdata/drawTrace/outcome/2026/2026004/1-CHY.gif
